drier,1
not wear,2
form,1
maybe,35
deceiving,4
wish,36
not same get,1
stopped,7
not buy missha,1
not outstanding,1
not get paid,1
non-toxic,1
coupled,1
accentuates,3
not as durable,1
not too impressed,4
extreme,1
run,1
fairest,1
user,1
spend,5
not effective made,1
not really like,1
rejected,1
prevent,1
looked,8
opi,1
mediocre,2
skip,3
not completing thirty-day,1
-wish,1
aweful,4
listed,4
compact,3
defogging,1
simple,6
sickeningly,1
'hyaluronic,1
not natural,9
specific,2
not tell is,1
horrible,73
expired,7
correct,1
not deliver,3
strongly,5
sticking,1
eucerin,2
brightening,1
dissolved,1
not frizzy,1
old-fashioned,1
invisible,5
not keep,3
amodimithicone,1
lid,1
dark,32
straighten,2
moisturizes,1
textured,1
not lighted,1
pungent,2
not curly,1
not detangle,1
solve,1
experience,1
pain,1
secret,2
not fake 's,1
outstandingly,1
cosmetic,2
wintergreen,1
not as impressed,1
becomes,1
keep,10
shaving,1
retinyl,1
working,15
bothered,1
unreliable,1
along,1
researching,1
saved,1
not so sure,6
tame,2
haunted,1
not healthy,1
finer,1
not just..,1
cover,2
not work tanning,1
fourth,1
not cruelty-free,1
not see do,1
effectively,1
neck,2
***,1
=,5
need,25
not so happy,3
prescribed,4
sorry,2
wife,1
animal-tested,1
unevenly,3
misleading,18
not comparable popular,1
not see special,1
fun,1
not justify,2
not favorite,18
serve,1
tasting,1
inaccurate,1
stars,2
nearly,2
however,3
not so effective,1
soon,2
put,4
oven,1
not thrilled,5
not feel is,2
bluish-pink,1
realistic,1
not great many,1
not curl does,2
recommend,6
questionable,6
matted,1
not waste buy,1
not lift,1
not same red,1
last,11
dramatically,1
sounding,1
not bad was,1
not extraordinary,1
finished,1
aesthetic,1
not minimize cellulite,1
not fat humid,1
not seal,1
elsewhere,5
floral,1
torn,1
required,3
utter,2
hate,34
soft,44
not look greasy,1
allergenic,1
giving,1
not cover,10
not seem do,3
not good bought,1
marked,1
not same authorized,1
not very coconutty,1
theyre,1
underwhelmed,4
normal,4
not fix,1
lavish,1
lacking,4
not much comes,1
friendly,1
not maybe caused,1
not different other,1
not all,1
not new go,1
itchy,5
return,6
not so good,13
pictures,1
given,3
-other,1
not clean made,1
balls,2
misses,1
warming,1
applying,1
resurfacing,1
love,106
not show right,1
not grip fine,1
not usually get,1
not was check,3
not rave,1
stiff,8
not last,50
seem,2
online,2
useless,3
not lather good,1
not aromatic,1
awkward,6
strugglng,1
searching,4
reach,2
not reply are,1
alright,30
youthful,1
practical,1
not very excited,1
larger,2
ai,4
stings,3
colored,4
not green,1
brighten,1
stale,1
losing,1
suspicious,1
wavy,3
curly,11
relaxed,2
nervous,1
not really good,1
fragrance,3
not wait 's,1
ruin,1
literal,1
not wowed,1
not smaller,1
pro-x,1
disappoited,1
acceptable,1
third,1
sunscreen,1
felt,7
not maybe severe,1
ever-,1
not bad be,1
scent-too,1
not really detangle,1
not say,5
dried,24
compared,5
smudgy,1
not good oily,1
non-irritating,1
nail,9
sunblock/sunscreen,1
funny,3
not shrink,1
isappointed,1
not necessarily wrinkle,1
not s oacute,1
not miss forget,1
not sure effective,1
not big,4
-any,1
became,2
day/night,1
not smoothing,1
manufactured,1
nice,84
nothing,14
not pleased skin,1
ingredient,3
not work full,1
not dramatic,2
solely,1
happening,2
stinky,1
precise,1
overpowering,15
spoiled,1
noticeable,16
not necessarily bad,1
salon,1
not reliable,1
horible,1
not bother,9
abrasive,4
ruining,1
morrocanoil,1
not holo,1
personally,1
not use 're,2
deleted,1
nourishing,1
magic,1
flakes,2
pass,1
much,124
lighter,5
not recommend turned,1
alternative,3
not look,8
not exfoliating,1
shiny-face,1
not entirely effective,1
natural,23
not severely dry,1
not as safe,1
nose,1
not know is,4
not work-,1
leaves,37
blue,3
debating,1
not suitable thin,1
not most effective,1
not work made,2
not sure are,1
not add,2
least-favorite,1
ignored,1
dying,1
not very tanned,1
routine,1
not so gentle,1
stink-o,1
possibly,2
explosive,1
not see claim,1
not mind getting,1
not used,11
not linger,1
combo,2
outraged,1
change,5
not effective combating,1
noxious,2
writing,1
not needles,1
.this,1
not expected,70
not perform,2
back,11
not really stay,1
not have big,1
wash,8
not very creamy,1
not everyday,2
not thought was,1
necessarily,3
not very moist,1
tried,22
note,1
not very strong,2
discernable,1
skinned,2
returning,7
suntan,1
not note,1
not impressed 3-in-1,1
excessive,1
skin,27
not right,2
not too thrilling,1
not really necessary..,1
opening,1
overblown,1
not much say,2
mixed,25
pk,1
wait,1
fundamentally,1
travelling,1
getting,9
not clear,1
oz,1
not so much,25
quick,8
not tell,5
worn,1
not sensitive dry,1
ummm,1
not enough black,1
chunk-like,1
non-chemical,1
telling,1
smallest,1
not broke do,1
not non-allergenic,1
not aligned,1
retinol,1
not too bad,5
not say 's,1
bigger,4
lilac/pinkish,1
not red hoped,1
not so great,36
received,15
orange-y,1
not impressed,87
not seems work,1
not worth,10
not feel good,1
reasonable,3
wishful,1
not user friendly,1
general,2
not note much,1
filling,1
unadulterated,1
not frizzy gentle,1
false,8
called,4
brittle,3
not i,4
edges,1
straight..but,1
better-,1
toxic,6
decided,1
hardly,4
not be used,1
not match,4
whole,3
want,26
true-,1
not bad cashing,1
not having,2
deceptive,3
not protect,2
not sticky,2
ware,1
proceed,1
separates,3
not treated,2
runny,4
not original,5
not strong,2
achieve,2
glimmershit,1
purchase,5
not w/ moderate,1
not enough is,1
problematic,2
alcohol,2
4-5-14,1
fragrant,2
forget,4
not work great,1
fair,7
not separate,1
spaceship,1
not very fragrant,1
not completely 's,1
ehhhh,1
not condition,1
not different,2
coastal,1
solid,1
knows,3
clever,1
believe,4
woke,1
empty,5
definite,1
not overly excellent,1
not very happy,2
not fave,1
not quite had,1
not totally impressed,1
not notice,11
expecting,10
reducing,1
renewable,1
not very exfoliating,1
etching,1
flaky,2
not promised,1
wrote,2
separated,2
not glue,1
not impressed poor,1
entire,1
not noticed much,2
luminizing,1
temporary,6
redken,1
pleasant,4
visible,11
not many is,1
w/frequent,1
disposable,3
test,1
not migrating,1
not most optimal,1
amazingly,2
not bad,66
not contain broad-spectrum,1
not so impressed,1
sure,22
not curl,6
not absorb,3
lite,1
kill,1
not much firming,1
doens't,1
contain,2
not care,14
feels,8
flakier,1
hold,2
not repurchase,4
coconut,2
not have dry,1
lathers,1
using,36
serum,1
dropped,1
not soft unknown,1
not entirely useful,1
rinse,2
additional,1
sloooowly,1
not u,1
yellow,4
**new,1
tangled,3
invest,1
thats,2
narrow,1
except,1
not get caught,1
rat,1
instant,3
not very good,9
prefer,17
not always feel,1
1-30,1
second,7
lets,2
truly,5
spa-like,1
peel,2
tricky,1
dandruff,1
costly,1
-bad,1
least,7
lost,8
definitely,18
possible,3
re-review,1
not like feels,1
frustrated,2
soooo,1
formaldyhyde,1
not go looks,1
harm,1
not am looking,1
ugly,5
bikini,1
favorite,6
hanging,1
not expierenced,1
undefined,1
say,14
waste,5
marketing,1
romantic,1
cutting,1
not ideal,2
not so magical,1
applied,3
shipped,3
environmental,1
turns,6
not tighten,1
not set,2
white,33
completely,16
not flexible least,1
not fair,3
heavier,1
reformulated,2
dual,1
not curling good,1
not oily skin,1
not live,16
not unisex,1
not be toxic,1
safer,2
subtle,8
hair,26
rough,13
not provide great,1
orange-glo,1
extended,1
macho,1
smarter,1
cure,1
fall,3
know,10
malasma,1
not irritate does,1
not really thought,1
sunblock/,1
asked,2
candied,1
acts,2
stolen,2
not bad get,1
not as pink,1
started,3
time,2
going,8
not convinced makes,1
perspective,1
alive,2
incorrect,1
fragrance-free,1
ives,2
not know 's,1
not high,4
early,4
not peach,1
not actually clear,1
not seem,11
shine,1
not think gel,1
hardens,1
flattened,1
not stay,23
trying,9
not very durable,3
not unisex try,1
perfectly,4
beige,1
not paid,2
tell,3
painfully,1
organic,5
un-natural,1
curl,1
not stamp,1
not be first,1
..dumbest,1
closer,2
run-of-the-mill,1
revealing,1
not lined aging,1
worked,49
decide,3
caught,1
jar,1
didnt,10
poorly,8
not greatest have,1
not sure helped,1
not treat,1
.i,1
defy,1
not is useful,1
kitty,1
not look feel,1
not smell great,1
thinning,2
not exactly is,1
ageless,2
not like lid,1
not very sensitive,2
figured,2
mehaz,1
not sting,1
offend,1
not do dark,1
not know are,2
not helping,1
uploaded,1
not even be,1
dairy,1
not do is,1
mite,1
not top,2
used..,2
conceived,1
not such,1
not facial,1
not first,2
not peel,2
australian,2
.undecided,1
not enough fine,1
obtained,1
younger,1
not moisturize enough,1
goo,1
eh,3
sodium,1
straight,7
balancing,1
leaks,1
okay-not,1
not much,27
bloating,1
not unscented,1
died,5
pillow,1
're,18
rancid,3
not blue,1
not look dead,1
spritzing,1
work,51
not enough heavier,1
smooth,9
lackluster,1
not removing,2
25-50,1
anti-aging,1
bought,16
cart,1
starts,1
not even consider,1
loud,3
yucky,2
coming,2
moroccan,2
not have ordered,1
dumb,1
not agree,2
not fit large,1
handle,1
sad,7
..not,1
sulfur,1
otherwise,7
grow,2
not as dark,2
weird,14
not best egyptian,1
hyaluronic,1
not go,4
not pun intended,1
gives,3
manageable,1
not simply fantastic,1
not recommend had,1
*acne,1
not make good,1
not looking,1
nicely,9
questionalbe,1
break-out-prone,1
exciting,1
not moisturizing,6
politically,1
unprofessional,1
not know got,1
puffiness,1
healthy,3
not true natural,1
check,4
depends,9
looking,29
unbearable,1
constructed,1
finishing,1
not tell good,1
not sure .update,1
entirely,7
not good try,1
not good need,1
not sure want,1
ashy,2
overpriced,13
literaly,1
not doing,1
normally,1
not so lovely,1
artificial,3
not bad have,1
pulled,1
confusing,5
not unlikeable,1
tug,1
pilled,1
not purchase,7
aussie,1
not prime,1
destroyed,1
breakouts,4
bummed,1
big,45
applicable,1
sleep,1
afford,2
flaking,1
bubble,1
not retract,1
not have heat,1
not as good,41
not waste,44
gave,21
not perfect,5
waited,1
horrendous,1
not works,3
thrilled,1
not work black,1
head-,1
not see is,2
touching,1
spoil,1
not eyelids do,1
somewhere,2
not discern,1
emailed,1
not be purchasing,1
not dries skin,1
not favorite tell,1
snapped,1
not eyelids,1
not tear,1
offensive,1
not wait,1
crazy,1
unsuitable,1
not powerful,2
bleeding,1
not irritate,2
not stay put,1
totally,11
not have,21
knock,2
compliment,1
lacks,2
not most powerful,1
cheap,38
look,24
rolled,1
not buy have,1
not use are,1
attention,1
stained,1
moist,1
crimping,1
.but,1
young,1
anti-,1
purple,1
not tame frizz,1
not get much,1
not help oily,1
automatically,1
not terrible,4
not enhance,1
not sonic,1
homemade,1
not hope be,1
tthis,1
priced,4
ie,1
flighty,1
learned,5
hydrated,1
intensely,1
blush,1
not too happy,1
not huge,1
not make spots,1
not extra,1
exfoliating,6
not as strong,2
carry,1
wears,1
like,75
not come,5
severely,1
not suitable colored,1
not well executed,1
nice-smelling,1
finish,7
not really thin,1
jelly,2
complicated,1
pulling,1
decreased,1
holds,2
leaked,5
pure,2
lengthening,1
extra,8
lifting,1
labeled,1
nyx,1
fluffy,1
not even give,1
joyful,1
helmet,1
sheat,1
not daily,5
beautiful,12
spread,1
not ordered,3
not really matte,1
not work thick,1
negative,5
not nearly moisturizing,1
not satisfied,1
tousled,1
not rose,1
not working,17
thinks,2
instead,20
infused,2
not exist,1
not intense,1
experienced,3
not create,1
sounded,2
fill,1
enriched,1
shed,2
strange,10
not heavy,3
not get try,1
not use second,1
mixing,2
prematurely,1
report,1
failing,1
not fabulous,1
touch,1
intense,2
hurts,4
not see use,1
provided,1
againg,1
potentially,2
turn,3
not yet convinced..,1
tightens,1
formaldehyde,1
not smudge,2
remover,1
not stored,1
acne-prone,2
redish,1
not grip,3
not pun,1
else,17
not pleasing,1
western,1
let,5
smudge,1
not hoped,6
medicinal,1
naturally,6
not hold,10
*stiff*,1
not greatest 's,1
full,14
scratched,1
so-so,17
not need many,1
matting,1
operate,1
not public,1
hesitate,1
fake,18
not good everyday,1
creases,1
not pure,1
dubious,2
seeing,3
sitting,1
mostly,9
royal,1
uncomfortable,5
overdo,1
poor,22
not effective,11
fragile,2
not solve,1
win,1
correcting,1
ambiguous,1
couple,1
spring,1
not best available,1
often,1
twist,1
basically,2
probably,17
fat,1
not worked,5
clean,16
minimally,2
not fave facial,1
throwing,1
contouring,1
not work wet,1
not fragrance free,1
not human,2
not rejuvenate,2
scanty,1
badly,5
not perform feel,1
not worst,3
typical,4
pigmented,1
stood,1
ridiculous,3
not have good,2
snake,1
not bad do,1
short-term,1
always,6
unusable,7
cakey,2
impressed,2
not better rapid,1
not 're,1
not cover gray,2
not shipped yet,1
not great stamping,1
scalp,3
aloe,1
gets,13
not struck,1
fear,1
anticipated,1
not completely sold,1
not thing,1
not amazing,3
adequate,1
not long lasting,2
not too great,1
smells,30
prefers,1
not bad gets,1
korean,2
not thought,7
not mine,1
not bad inexpensive,1
finally,5
not great better,1
not cleansing,1
fake-y,1
not red,4
questionably,1
free,14
colorstay,1
not older,1
ouuuuch,1
darkest,2
not work silly,1
shedding,9
saw,4
not says is,1
not absorb does,1
causing,3
not good straight,1
black,8
not do,55
usually,6
combined,1
rare,1
irritating,9
not work..not,1
might,2
induces,1
not am,1
not lighten,2
not white,1
large,10
not good dry,1
sutble,1
not manufactured,1
mid-range,1
not rub,1
seemed,3
not conceal,1
kinda,2
not quite expected,4
works..but,1
not advertized pictured,1
non-greasy,1
attach,1
contour,1
not fake,1
sets,1
low-poo,1
ended,3
not quite strong,1
not fully determined,1
reapplied,1
not provide much,1
swelling,1
not got,1
not does,3
not viscose enough,1
edited,3
not as powerful,1
reapply,1
deep,6
cheaper,13
greasy,26
not professional,3
not love did,1
unraveling,1
not unpleasant,2
particularly,2
appear,2
cleansed,1
argan,1
fell,5
answered,1
unleashed,1
not so okay,1
raccoon,1
weighted,1
falls,4
w/,2
disapponted,1
not useful,2
not last allergic,1
not ultra,1
not straighten,1
fits,1
not worse,1
not better,7
not true,4
messy,8
loreal,2
not set do,1
heavy,43
not flexible,1
agree,2
provide,1
unfortunately,7
green,9
securely,1
not are looking,1
not blow,3
not ouchless,1
negligable,1
setting,1
acid,2
directed,1
not straighten does,1
sunny,1
halloween,1
not spray use,1
challenging,1
authentic,1
not compare,2
popped,1
vs,1
everywhere,7
absorbed,3
deserves,1
not help,16
ball,1
eyeliner,1
repurchasing,1
static,3
not expect,8
proactiv,1
apparently,1
depending,2
not rec,1
smeary,1
treat,1
relaxing,1
.and,1
clearly,1
not smell good,2
performs,1
soooooooooooooooooooooooooooo,1
overly,10
not believe is,1
not really lighten,1
caked,2
smart,2
not find much,1
not be ideal,1
not hate did,1
works,101
hydrocolloid,1
standard,2
returned,9
forever,3
wearing,2
not really shatter,1
not ouchless thought,1
all-natural,1
not feel,8
not shipped,2
reputable,1
unwashed,1
questioning,1
non-sensitive,2
angthing,1
not confident,2
pale,2
dressing,2
not completely work,1
not respond,1
bleeds,1
not distinctive,2
rubbish,1
not shoulder-length long,1
regular,17
not meet,3
suffer,2
messed,1
not recommend,16
not ',1
application-,1
not super,1
not write,1
not better cheap,1
still,78
ugh,2
not get dark,1
not moisturize,4
not is cracked,1
scratch,1
not noticed any,1
aging,1
not really sensitive,1
not very rich,1
surely,1
brittleness,1
generally,2
staying,9
stripping,1
sunscreening,1
generous,1
guess..,2
flipping,1
reformulated-bad,1
not come looks,1
not call light,1
not too shabby,1
not best get,1
not-so-healthy,1
damage,2
rip-off,1
not paraben-free,1
helps,12
not use formaldehyde,2
promising,1
impractical,1
widely,1
not believe,8
gross,7
not detangle/condition,1
not impress,2
not hydrate,1
hands,1
not remove makes,1
'm,37
aware,5
cheaply,1
tossed,1
oily,69
leaking,1
wheat,1
tighten,2
not seeing expected,1
queen,3
gorgeous,2
dry,90
plug-in,1
foaming,2
nonexistent,1
badd,1
not [,1
flowery,2
sold,6
not bad makes,1
see,25
two-part,1
anew,2
*better*,1
moved,1
hard,40
facial,5
slowly,5
not quite clean,1
not cure gelish,1
shimmery,1
not kidding,1
not air,1
burns,5
not use apply,1
enthused,1
not certain,2
also,13
sheds,2
recommeneded,1
short-lived,2
not have positive,1
not beat,2
did't,1
everyday,3
silicone,3
not exactly pictured,1
eco-friendly,1
goes,13
olive,1
quest,1
not work started,1
aromatic,2
lasting,4
highly,5
not as emollient,1
acid-free,1
not safe use,1
attachment,1
non-soap,2
not sorry,1
passable,1
safe,1
wooden,1
low,5
not good nice,1
not highly sensitive,1
african-american,1
unbelievably,3
not really useful,1
damaging,2
huge,11
not had hoped,5
hang,1
freeman,1
not treated dry,1
perfumed,1
notice,6
eczema,1
not burn,1
experiment,1
delivered,3
not be calling,1
lasts,7
not reduce,3
spicy,1
teribble,1
fooled,1
not buy,53
costume,1
meets,1
not perfect do,1
lipstick,2
not really much,1
not makes head,1
.just,2
unscented,7
not catch,1
minor,1
not best elf,1
not be able,1
split,2
not opaque,1
not obvious,1
mix,1
not use have,4
mega,1
not satisfed,1
not diminish,1
not feel clean,1
claim,1
not staying,1
naked,1
smokey,1
perfect,9
not ultra rich,1
streak,1
not good gel,1
not see amazing,1
shoulder,1
petro,1
intriguing,1
3-,1
2-in-1,1
wen,1
wasted,1
shaped,2
*,1
not so more,1
not thicken thin,1
not playing,1
hypoallergenic,1
multiple,1
/,1
suddenly,1
not great sensitive,1
apart,14
smashed,1
not very dark,1
severe,1
not great most,1
soothing,2
not buy want,1
not very natural,1
occasional,3
not buy buy,1
good,538
not prime does,1
potent,1
not is advertised,1
dramatic,3
mildly,1
portable,2
reduce,1
driving,1
past,2
fine,51
strong-smelling,1
gray,4
detailed,1
not fit,5
not received,3
frosting,1
instructional,1
lotion-like,1
not understand,5
not s,1
twice,7
ordinary,5
not shiny easy,1
not hope,1
serial,1
not really control,1
not work sensitive,1
not good,94
final,2
yet,34
nauseating,2
regularly,1
individual,1
wrinkled,2
face,3
longer,14
not sure 's,4
not as effective,2
ago,3
not very moisturizing,10
enhancing,1
not be real,1
smear,1
not perfect does,1
reasonably,1
moisturize,1
reconsider,1
not finicky,1
not i thought,3
not had good,1
not be honest,1
not do claimed,1
not only,2
not so comfortable,1
not get rid,1
remove,7
oil/wax,1
not take,3
not straight,1
key,1
not work dry,2
unidentified,1
not long,1
not knock,1
developed,1
not sure questionable,1
imagined,1
scarring,2
living,1
outside,1
unique,2
not exactly looks,1
not layered,2
not seem work,1
pre-clarisonic,1
likes,2
minimizing,1
not quite right,1
loaded,1
dead,4
not very effective,4
not deeper,1
frontal,1
stretchy,1
not keep smearing,1
rose,1
personal,2
not as protecting,1
tall,1
hides,1
enough,67
on-the-go,1
outdated,2
reinventing,1
not discern noticeable,1
non-whitening,1
not worth me..,1
cruelty-free,1
happened,6
lightweight,3
costs,1
not nodular,1
future,1
proved,1
pleasantly,1
removing,2
barely,9
not palette,1
black/dark,1
rich,5
convenient,2
not sweat,1
stuck,3
creamy,2
not longer made,1
dissappointed,3
not sure does,2
came,6
straightener,1
bleached,2
effectiveness,1
not really care,1
occur,1
mascaras,1
not know true,1
**not**,1
smelled,8
layering,1
not helpful,1
lavender,1
frosty,4
not as soft,1
sells,1
unknown,2
give,18
pretty,72
please,6
not totally sold,1
not displayed,1
surprising,2
creative,1
umm,1
luxurious,1
right,16
not more regular,1
come,9
not best dry,1
not dry pale,1
inadequate,1
die,2
olay,1
happens,2
lower,1
scent,6
several,6
obvious,2
not seeing,4
not really deliver,1
afraid,1
not quite meet,1
clear,11
not described,1
evenly,2
not think think,1
not really expected,3
not waste your,1
feasible,1
not blend,5
roller,1
limited,2
not really worth,2
not supposed,1
not enough buy,1
adore,1
total,8
okay..,1
surprised,7
lightens,1
fiddly,1
detected,1
neon,1
stop,4
creates,4
goofiest-looking,1
leaky,1
ca,3
a-disapointment,1
ill,1
oxidizes,1
exotic,1
bring,4
horribly,1
not effective dry,1
grows,1
premium,1
not recommend treated,1
acetone,1
abnormally,1
fleeting,1
not liking,2
not love,15
not have prime,1
not says does,1
chalky,2
ever,47
not be expect,1
fabric,1
fairly,5
coarse/damaged,1
french,4
followed,1
target,1
not too sure,3
rip,1
shiny,7
not rec sensitive,1
not such good,1
accentuated,1
spiking,1
crappy,1
rather,10
filmy,2
overnight,1
retin-a,2
nasty,10
not packaged,1
not beware,1
unproven,1
jus,1
not professional false,1
clarifying,3
major,10
not really tell,2
not seems,2
promised,2
pull,3
towel,1
sends,1
not hold using,1
derma,1
claims,2
.no,1
not happy,15
heat,1
not buy recommend,1
cellulite,2
marginally,1
not fade,1
almost,18
not cool,2
less,20
cancels,1
seriously,10
cool,3
not very impressed,6
not shiny changed,1
not stand,6
safely,1
dissapointing,1
helpful,4
oh,3
peels,1
not very soft,1
seeks,1
decent,26
not seem be,4
not works got,1
help,7
carefully,2
not favor,1
considering,1
unpleasant,5
not impressed dried,1
mysterious,1
not enough thick,1
falling,5
indeed,1
not exactly expected,1
likeable,1
not wow had,1
not need much,1
pay,39
not enhance smoothe,1
not dry,12
sunscreen-,1
defective,5
not used know,1
switch,1
over-processed,1
not do says,2
glue,2
flakey,2
pictured,9
not does work,1
heats,1
flawless,1
worth,3
not work moderate,2
not very sudsy,2
stay,9
not fading,1
disappionted,1
burned,13
not practical,2
seperated,1
warned,2
meet,1
finely,1
eh..,1
particular,1
frustrating,2
quiet,1
not decide,1
not recommended,11
lasted,9
outrageous,1
enormous,2
not seem get,1
kidding,2
sketchy,1
not dark pigmented,1
not discontinue,1
described+handle,1
not like floral,1
volumizing,2
many,26
gritty,2
rub,3
think,27
spiked,1
not dark undereye,1
find,6
tube,1
amazing,15
moisturizing,13
not so soft,1
licensed,8
not full,4
not loving dry,1
ta,1
become,1
unimpressed-,1
lied,2
requires,1
comparable,2
not advertised,8
nude,1
not unpleasant dissipate,1
brushes,2
not african,2
off..its,1
hurt,2
learn,1
common,1
anti,1
not light floral,1
amazed,1
unsatisfied,2
thought,24
seems,12
not as much,1
diasspointed,1
not sure expected,1
scare,1
fully,2
oil..,1
not curling,2
senstive,1
breakout,1
not secure,1
not particular,2
not exactly sure,1
not especially impressed,1
moisturized,2
chalky-white,1
not foamy,1
not receive 's,1
cerave,1
stain,2
aggravated,1
wide,1
oct.,1
not work work,1
easy,12
not help states,1
destroying,1
not fair skinned,1
not make,14
shorter,4
coloring,2
done,10
not mind,3
regarding,2
not appear work,1
closely,1
not quite advertised,1
not medical,1
not cure,3
keeping,2
sent,1
unclear,1
not last sheds,1
not help fine,1
not great oily/combo,1
recieve,1
but..,1
triply,1
not impressed hate,1
removed,1
bothers,1
not beware burns,1
not be duped,1
not plush,1
rapid,2
moisturizer,3
curious,1
rue,1
.wait,1
not like creamy,1
set,3
expensive,43
not make much,1
minimum,1
not strongly noticeable,1
exactly,18
rid,1
strong,74
lip,2
paint..not,1
choosing,1
expect,3
/or,1
thankfully,1
incompatible,1
go,13
not enough,9
smooths,1
posted,2
practicing,1
buy,57
not understand like,1
revised,3
definately,2
try,17
not impressed ridiculous,1
fimo,1
unchanged,1
perform,1
process,1
not pale,1
protein,1
bother,1
not quick,1
adjustable,1
not wow,3
partially,1
not make worse,1
not added,1
not easy apply,1
whack,1
not see using,1
desired,1
strip,1
not happy negative,1
shorted,2
nowhere,2
remotely,1
plain,1
not awesome,1
red,21
not reduce did,1
not last long,10
on.,1
not was advertized,1
not memorable,1
not genuine,1
not receive paid,1
daily,4
softer,3
happy,9
great,150
provides,2
simply,3
not magical,2
clicking,1
not last did,1
not so hot,4
no-ture,1
remains,1
not know,24
not safe,3
exfoliate,1
desperately,1
not give,3
heeded,1
not as full,1
not effective severe,1
not lip,1
little,117
initially,1
serious,5
not always better,1
suppose,2
assorted,1
tough,1
not deep,1
ship,1
not get hyped,1
actual,1
not live hype,1
not are,2
not bright,1
not jamaican,1
leave-in,3
not work,237
not getting,2
not itch,1
not greatest,7
not seen major,1
everything,1
faster,1
not rinse,1
..so,1
ruins,3
not best,65
not believe use,1
took,6
comb,2
keeps,6
not ike,1
not fully baked,1
build-up,1
biggest,2
sharp,2
not given work,1
postive,1
initial,2
updated,12
watery,4
wanted,49
monthly,1
not work- save,1
sometimes,3
not noticed,5
arrived,5
build,1
not good all-year,1
stick,8
tmj,1
gloppy,1
well,140
not completely satisfied,2
product-,1
involved,1
not high flat,1
actually,10
not nice,1
not pleased,4
not get scalp,1
colour,1
refreshment,1
not terribly impressed,1
mindful,1
breaks,6
dangerously,1
functional,2
not firm,1
puts,1
not miraculous,2
not same other,1
miserable,1
not wanted,4
iffy,1
promises,1
burrrns,1
rinsed,1
popular,2
currently,1
correctly,3
not remove removed,1
not so peaceful,1
not better else,1
frosted,1
not connected,1
hadle,1
polish,22
not say kept,1
tear,1
not do roots,1
weighing,1
softening,3
not particularly thrilled,1
not exactly was,2
clogs,2
wary,3
not works certain,1
lying,1
not as brown,1
clumpy,1
not consistent,1
not as light,1
jasmine,1
chemical-y,1
laureth,1
elaborated,1
bottle,3
tight,4
paying,1
not pan,1
not help straightening,1
not great 're,1
concentrated,1
not inexpensive,1
dark/tan,1
not drying did,1
sensitive,50
not special,1
added,2
dries,5
kept,1
not clogged,1
def,1
not see lost,1
deliver,1
not curly hair,1
electric,1
utilitarian,1
tacky,3
expected,29
overall,7
not shiny,3
wouldnt,2
not acne,1
gelish,3
frizz,3
powder,1
nicer,1
drops,1
serviceable,1
complex,1
thus,1
not hands,1
lilke,1
noble,1
not creat,1
teary,1
stand,1
not too good,2
not get stay,1
found,4
stays,1
unusual,1
ma'am,1
non-lathering,1
not lasting,1
dang,1
wost,1
not fight,1
nourished,1
fighting,1
interesting,9
careful,24
not 's mineral,1
disappointed-,1
lengthened,1
not wow hoped,1
not treat dry,1
waxy,1
over-hyped,1
cheeper,1
not cover pinish,1
fried,1
eventually,1
certain,4
read,22
na,1
not great does,1
not have write,1
not have frown,1
stated,2
nest,2
not really help,1
dissapointed,14
halfway,1
lactose,1
inflamed,1
uses,1
not good fine,2
not recommended long,1
managing,1
not get ordered,1
not shrink be,1
erased,1
not as smooth,1
not user-friendly,1
generic,2
stole,1
not natural check,1
changing,1
eye-irritant,1
shany,2
ineffective,3
vibrating,1
overdrying,1
concrete,1
not provide,3
steer,1
's,427
undecided,5
not was,22
not firm bends,1
not real,9
buying,8
shade,1
not better good,1
not regular,1
produced,1
wo,9
not long thick,1
not magic,3
palm,3
suckered,1
walgreens,1
crumbles,1
cracked,2
aka,1
okay,91
pore,1
not come sealed,1
sally,3
extreamly,1
slightly,8
occassional,2
african,3
gifted,1
permanently,1
not egg-cited,1
flows,1
not toss,1
discernible,2
not sure have,1
sub-par,2
not handy,1
not say is,3
weighed,5
not shown,5
sincerely,1
lousy,4
instantly,2
nailpolish,1
straightening,2
not quick dry,1
not pleasurable,1
painful,2
quality,1
makes,28
smell,9
looks,19
replacing,1
not sure claim,1
puffy,1
not moisturizing enough,1
create,1
clown,1
displeased,1
shield,1
shrinking,1
anyway,1
toffee,1
reduced,1
not crunchy,1
moderate,1
not let,1
powerful,2
similar,7
not let keep,1
not whitening,1
not much alleric,1
not darkskinned,1
not control,2
love-,1
not too greasy,1
appears,2
not african american,1
boring,1
nails,1
not work white,1
extraordinary,1
fantastic,3
not shoulder-length,1
exaggerated,2
upsetting,1
non-ionic,1
lashes,1
finest,1
reflective,1
not sleep,1
sculpt,1
useful,4
not makes,1
not reorder,1
penetrating,1
sparingly,3
not was looking,9
not hot,3
not hate,3
not completing,1
not sure 'm,3
disliked,1
not come are,1
ordered,4
that-,1
skinny,1
not durable,6
not leave-in,1
paid,5
not horrible,1
positive,6
not remove black,1
packaging,2
payed,1
not really floral,1
asian,3
awful-do,1
original,18
non,2
pulls,1
spent,1
parabens,1
not really brass-free,1
rated,5
average,54
educate,1
not luminous,1
mentioned,1
brush,1
not want rip,1
first,64
not cystic,1
not so smart,1
ok-,1
prone,1
not best worst,1
not many,2
not i had,1
not as fabulous,1
review,2
match,1
satisfied,3
needed,10
hardest,1
stabilizer-,1
not use,32
not lashes,1
not moving adding,1
not thicken,1
unimpressed,12
irish,3
dangerous,10
disappointing,56
not very firm,1
incredible,1
strangely,1
not remove,9
visibly,1
raw,2
supposed,9
color,1
consistently,1
make,22
leaving,1
not using,2
sebastian,1
not give enough,1
known,2
overwhelmingly,1
milled,1
not invisible,1
over-sold,1
kardashian,1
odd,7
short,18
live,2
not live name,1
hair-,1
guaranteed,1
not really dry,1
..,1
testing,1
dye/allergic,1
not fit smelled,1
hopeful,2
antibacterial,1
not sensative,1
different,28
ol,1
exploded,1
not really work,3
stink,1
not attached,1
not create new,1
strictly,1
not easiest apply,1
some-,1
not small,2
not fat,1
properly,2
perfume-y,1
worried,1
not know work,1
went,2
dose,1
luminous,2
shotty,1
means,1
significant,2
lovely,13
not handle,1
updated-,1
special,64
smoothing,4
not re-order,1
not be buying,3
non-rx,1
sharp-ended,1
'undetectable,1
dyed,3
dependable,1
not pro,1
hideous,1
deal,1
not block,1
plates,1
circuited,1
separately,2
immediately,1
allergy,1
guessing,1
not get dispense,1
ordering,1
best,31
new,26
alcohol-free,1
not damaged,1
suave,1
somewhat,9
stops,1
tastes,1
not have sensitive,1
not hair,1
sensitve,1
update,3
covering,2
irritated,11
freezes,1
recommended,1
not reply,1
not diminish fine,1
size,1
not use directed,1
write,4
miss,1
listen,2
scary,2
opened,2
damaged,7
purchasing,2
softly,1
categorizes,1
practically,1
pad,1
not well suited,1
not smooth,2
quite,28
not remembered original,1
creating,1
strengthening,1
sucks,2
not be fooled,2
touted,1
frizz-prone,1
not enough light,1
not entirely terrible,1
either,2
genuine,3
dont,13
bake,1
not sensitive is,1
ive,2
waiting,6
not great perfume,1
loses,2
pink,5
not match different,1
not getting great,1
not hypoallergenic,1
not perform expected,1
not good sensitive,4
not upset,1
hot,14
snug,1
busted,1
not do anything,2
not hurt,1
got,24
result..,1
next,4
flimsy,3
rapidly,1
differently,2
honest,3
not strong dries,1
refurbished,1
not dry clean,1
increased,1
not entirely clear,1
eyed,1
not even see,2
not all-natural,1
not much is,1
due,6
flaked,1
basic,5
long-lasting,1
not easiest,2
cleans,3
not call,1
not beat wax,1
not get hot,3
late,1
works-,1
not convinced,4
racoon,1
caused,30
blow,1
use,91
thnk,1
not thickening,1
lightening,1
hates,2
greasy..had,1
not spray,1
not exactly fragrance-free,1
di-alpha,1
acids,1
efficient,1
not sure get,1
refresh,1
cheesy,1
not best 've,2
not entirely convinced,1
flat,17
not make shiny,1
literally,4
stunning,1
not want,2
nigth,1
not satisfactory,2
not pigmented,2
not total,1
not blow dry,1
not add gloss,1
leak,1
not was hoping,3
uhhh,1
guess,13
sweet,9
running,1
wore,2
anymore,7
experimenting,2
not make-up/chemical,1
jamaican,1
not stay want,1
waxing,1
burning,4
not meet skin,1
lemon,1
not was expecting,4
not sensitive,24
stable,1
separate,1
learning,3
packaged,1
dulling,1
not seal smelled,1
worthless,1
first-timer,1
minimal,5
purely,1
stearic,1
recieved,4
not is already,1
not rich,1
clump-tastic,1
not so special,2
not be good,1
protective,1
slip,1
not as appealing,1
not sure,74
shooting,1
waisting,1
rosemary,1
folding,1
grind,1
processed,1
fading,1
smaller,8
sunburned,1
not bad am,1
knowing,1
not mend ends,1
stamping,6
not broke,1
instead-,1
not dry sensitive,1
not very waterproof,1
peeled,4
gunks,1
not very powerful,2
cautious,2
not improved,1
allergic,18
not bought,1
not sure use,1
crying,1
nope,1
proactive,1
chemical,1
not get has,1
finicky,1
not really sure,2
randomly,1
tan,2
promise,1
file,1
yay,1
helping,2
utterly,1
save,30
not as rich,1
cloying,1
viscose,1
not recommend sensitive,1
discontinued,1
emphasizes,1
not minimize,1
supposedly,1
hyped,1
massive,2
dies,1
potential,3
understand,1
necessary,2
stinks,2
u,3
citrus-flavored,1
not richest,1
not sting are,1
mild,5
not traveling,1
tinted,9
not so fresh,1
slick,2
lead,1
not have staying,1
making,4
not 's cracked,1
eyelid,2
unuseable,2
not best japanese,1
realized,1
classic,3
not clean,4
conditioning,2
irritates,2
old,20
not as bad,2
methylparaben,1
scratchy,2
starting,1
not pictured,6
not easiest use,1
nightmere,1
heard,1
not lather,2
pealed,1
itch,3
sucked,1
receive,2
not given,2
changed/not,1
based,6
profesional,1
used,71
wheres,1
dulls,1
fast,17
not so tropical,1
finding,1
nightly,1
economical,1
not same,14
hairy,1
no-frills,1
tampered,1
not get big,1
not light,3
flimsy..,1
spin,1
wan,1
frizzy,3
not soft,2
not receive is,1
not comparable,1
built,1
matte,1
chipped,1
not even good,1
not had,8
looses,1
deciding,1
stripped,2
not guess,2
pricey,3
stellar,1
not mean,1
melted,1
sheer,2
not much like,1
ok.,3
not total more,1
salicylic,2
not know has,1
floppy,1
not get,44
acrylic,2
wonderful,8
fades,1
not thought were,1
not read,1
not amazingly special,1
needs,15
light,41
residue,8
not really do,5
not quite wanted,1
already,4
plummy,1
not really hold,1
gentle,7
unnatural,2
[,1
not so long,1
not tightlining/waterlining,1
tapered,1
not expect work,1
single,3
not even close,3
not inhibit,1
annoying,2
curlier,1
not shrunk,1
beware,7
higher,6
not lock,1
throw,2
exceedingly,2
sparking,1
not darken,1
not sure think,1
not improve long,1
appreciated,1
cute,12
tiny,11
cheeap,1
likely,3
startling,1
trusted,1
hereditary,1
toned,1
wax,1
certainly,3
not dries,1
whatsoever,2
absolutely,10
4-free,1
mineral,8
manual,2
shake,1
've,32
not recommended sensitive,1
travel,1
not overly impressed,3
not erase,1
surprisingly,2
not like,43
non-styling,1
determined,1
tingling/burning,1
unnecessary,7
not remembered,2
brassy,1
marketed,3
shampoo,5
not used has,1
loved,25
wished,1
brown,9
lint-free,1
lighting,1
efficiently,1
not exactly fresh-scented,1
gold,1
not natural looking,1
control,4
warrant,1
not proper applying,1
not smell same,1
detached,1
sticky,35
feel,11
touch-up,1
not crushed,1
worst,22
showing,1
inconveniently,1
..results,1
not see much,1
vibrant,1
ivory,1
not so rapid,1
not find helpful,1
bald,2
shredded,1
crimps,1
sigh,2
human,1
3-4,2
not was hyped,1
hair.gave,1
lose,5
unrefined,1
not put,2
not seen,1
must,2
not loving,3
not sure..,1
not 're thinking,1
not pro consuming,1
not be better,1
pleased,4
turned,12
perhaps,5
causes,2
doubled,1
not reach,1
coarse,1
not acne/sensitive,1
engineered,1
not styling,1
weak,4
not sure is,6
not hands free,1
not feel full,1
together,2
concerned,2
lesser,1
not burn do,1
replaced,1
not confuse,1
watered,2
smelly,12
washes,4
imagine,2
not believe paid,1
not too effective,1
injustice,1
not very useful,2
rotten,1
not sensitive beware,1
thin,22
upate,1
breaking,1
stayed,1
not unhappy 've,1
noticed,2
crusty,2
slow,5
suitable,1
older,7
handy,1
avoid,8
anti-frizz/smoothing,1
tanning,1
alright..,1
not contain,2
not enough fair,1
complete,11
baby,2
worsened,1
not remotely real,1
not very absorbent,1
helped,4
overheats,1
comes,6
anti-static,2
exact,2
durable,1
not flattering,2
youth,1
detachable,1
crushed,3
not quite was,1
angry,1
stronger,2
soaking,1
led,1
not good do,1
high-priced,2
not know like,1
non-heavy,1
combination/oily,1
not floral,1
not get work,4
emitra,1
satisfactory,2
dunno,1
bitter,1
not sure needed,1
failed,1
contrary,1
not quite universal,1
not improve did,1
not does my,1
not thought be,1
thinking,3
tone,2
terrible,67
not very shiny,1
detangling,3
not bad is,1
dotting,1
threw,10
not mind heavy,1
beeswax,1
not as easy,1
synthetic,2
tries,1
pale/fair,2
streaky,2
not are filled,1
locally,2
weight,2
not quite exfoiliating,1
awaiting,3
not average,1
not do wanted,1
awesome,7
take,13
real,22
not drying,1
suggest,1
rejuvenating,2
antiaging,1
away,21
not miss,1
citrusy,1
cleanse,1
elastic,1
-dont,1
curing,1
purchse,1
placed,1
not live styling,1
not be,22
firming,3
acne,7
tangly,1
advertised,3
not really show,1
pressed,3
left,20
fabulous,2
not ship same,1
not buy nail,1
styling,8
extremely,18
ook,1
missed,1
not think,4
fan,1
not normal/dry,1
awful,42
wrong,31
intersted,1
accurate,1
shampoos,1
made,101
frequently,2
prior,1
not much conditioning,1
not old,1
leave,8
not really helpful,1
plan,2
disapointed,8
+,3
not long thin,1
especially,5
not familiar lactic,1
neutral,1
eased,1
hands-free,1
not help dry,1
not better regular,1
cut,1
not receive,4
not moving,2
not expected..,1
designed,4
not sturdy,1
not really see,3
not really does,1
not sweat-proof,1
fragranced,3
smokes,1
long-term,1
not detangle thought,1
purpose,1
bandaid,1
not apply,3
..wait,1
unimpressive,2
watch,2
cleaner,1
small,46
customize,1
not exactly foam-tastic,1
noticable,1
requested,1
not tame,1
not effective sitting,1
not really your,1
unfortunate,1
break,32
oil-slick,1
not feel did,1
not great fine,4
solved,1
affordable,3
not even pictured,1
not really speed,1
screwed,1
switching,1
not true color,1
thick,28
not removing deeply-embedded,1
not work me-skin,1
eventual,1
wont,3
long,65
not even try,1
directly,1
thinnest,1
30-something,1
harvested,1
wondering,1
bad,60
cystic,2
seen,7
confused,5
broken,13
ripped,4
nightmarishly,1
close,6
not great bad,1
wasnt,1
exellent,1
not make curling,1
not last i,1
unhealthy,1
not really great,2
oily/shiny,1
not suitable,4
not be sure,1
not appear,1
itched,1
excellent,12
benefiting,1
wave,1
not bad cheap,1
not make african,1
doesnt,5
signed,1
bright,5
fix,1
skeptical,1
not help acne,1
clarsonic,1
sooo,1
not says,4
not bad top,1
well-made,2
choose,1
caution-,1
not waste come,1
not stack,1
not sonic upper,1
faded,2
.which,1
not easy use,2
comparing,3
not outstandingly different,1
advised,1
ask,1
glazes,1
killing,1
smudges/travels,1
stand-alone,1
not sub,1
awfully,1
not purple,1
hoped,17
feeling,10
not thick,7
comediogenic,1
figure,1
incredibly,5
awkwardly,1
intensive,2
cheated,1
alone,3
missing,10
not need,3
not look natural,1
brilliant,1
newly,1
***not,1
tested,2
not even shampoo,1
not change,1
octopus,1
not sure works,5
fills,1
buttons-3.5,1
semi-smoothing,1
better,176
sparkly,3
not have give,1
rolling,1
not explain,1
positively,1
hoping,8
dispense,1
not really miss,1
marginal,1
bear,1
bit,6
get,89
not meant,2
glorified,1
gone,2
not sure helps,1
not be genuine,1
blotchy,1
not ordering,1
not accurate,1
unnecessarily,1
not really live,2
unbiased,2
not brown,1
not stick,3
magical,1
glad,2
putting,1
ginormous,1
red-faced,1
not great,115
flower,1
negligible,1
not sealed,3
regret,2
not peeling,1
not confident got,1
contains,11
soggy,1
not as great,9
maybelline,1
not fight stubborn,1
not bad dark,1
not best have,2
not always work,1
not 's,5
develop,1
rarely,2
washed,3
not usual,1
marula,1
stupid,2
disappear,1
impressive,1
optimistic,1
not convenient,1
enlarged,1
harsh,12
not improve,5
hated,7
disgusting,1
meaningful,1
meant,2
difficult,13
clogging,1
irritate,2
dirty,1
not really better,1
burn,6
not used be,8
sell,1
calling,1
super-sized,1
not sharp,4
not effective compared,1
blonde,1
let-down,1
dull,6
add,8
gimmicky,1
later,4
not new,4
usual,3
stretch,2
pick,3
not work irritated,1
ruined,9
not cured,1
not great curling,1
not particularly attractive,1
really,180
not quite sure,1
pine,1
far,23
not rock,1
not as special,1
delivering,1
cleansing,1
spa,1
drying,41
tend,2
not best hydrates,1
muted,1
vary,1
not have thick,2
adhesive,1
sturdy,1
horrid,2
yummy,1
not tolerate,2
not even get,1
not good be,1
not lined,1
evening,1
pooped,1
decently,1
heavily,5
not compare clarisonic,1
top,9
5-star,1
not gone,1
overrated,9
not consider,2
not exfoliating poor,1
cautionary,1
not repurchase full,1
not ship,1
fresh,6
says,12
not bright cheap,1
ruby,1
not practicing,1
determining,1
not enamored,1
start,2
not lather does,1
permanent,1
.not,4
not see big,1
nozzle,1
not necessary,6
not easy,3
downgraded,1
even,46
crystal,1
shrunk,1
not tear free,1
not keep laughing,1
not bad does,1
american,2
sadly,9
not familiar,1
not straight asian,1
scented,9
purchased,8
flawed,2
ethnic,1
easily,16
warning,4
not is website,1
oops,1
not good atomizing,1
not sure put,1
**buy,1
hold/more,1
something,4
not doing 's,1
not best brand,1
depicted,1
not actual,1
sulfate,2
continue,2
denatured,1
abismal,1
forbade,1
said,2
not wash,1
stains,1
wisely,2
not much different,1
not advertized,1
fit,2
takes,9
super,9
liking,1
not night-time,1
not get had,1
gotten,1
not proper,1
not short,2
listened,3
not quality,1
not pure organic,1
silky,3
yellowish,2
never,31
cleanser,1
not like touch,1
not moisturizing concealing,1
impossible,3
heating,2
stylish,1
greying,1
push,1
killed,3
arrived-,1
not do claims,1
spiral,1
not very impresed,1
not tell does,1
lighten,2
equally,1
ultimately,2
wet,3
terribly,5
intended,2
changed,18
xmas,1
not etched,1
shown,3
remix,1
not much using,1
rusts,1
not get better,1
fails,2
smoothly,2
reviewed,1
explain,1
risky,2
not best smells,1
watering,1
not clean work,1
not find,2
not having much,1
not smell smelled,1
not really seem,1
not w/,1
it..updated,1
switched,1
thru,1
not consider true,1
orange,1
ouch,12
lightest,1
undiluted,1
caved,1
cant,2
sparkle,1
adult-sized,1
arrive,1
hydrating,4
liked,17
glossy,1
wear,5
dry/damaged,1
effective,27
non-essential,1
not help much,1
disappointed,138
peeling,1
unhappy,8
neat,2
50-50,1
sounds,1
uneven,7
non-returnable,1
not mend,1
*deep-burgundy-plum*,1
xdd,1
slight,4
not work see,1
formerly,1
broke,23
remain,1
not see,32
recently,1
x,1
not tighten skin,1
not live promises,1
curling,1
easier,4
not crazy,2
honestly,3
blew,2
not good ur,1
not is,7
ok,248
not dark,9
not even come,1
disappointingly,1
not believe bought,1
physical,3
high,25
thinner,1
fail,1
curled,1
not keen,1
chilled,1
worse,13
spotted,1
not last easy,1
spaced,2
triclosan,1
not 's hyped,1
not smell,10
express,1
not air tight,1
anywhere,2
not fails,1
quickly,17
not quite shiny,1
rubbing,3
not show,2
true,3
not confident is,1
pre-teen,1
not see anti-wrinkling,1
continues,3
cast,1
cause,4
not hold hot,1
clogged,5
repeated,2
warm,2
forewarned,1
inexpensive,6
not unhappy,1
not get stuck,1
well-rested,1
smothering,1
tingles,2
show,1
blazing,1
not thin,1
diminished,2
remember,1
not usable,2
~,1
diamond,1
medical,1
offers,1
not live claims,1
comfortable,2
tired,1
not undereye,1
overwhelming,6
thoroughly,1
applies,1
selling,1
smelling,4
not fine,7
not switch,1
creasing,1
apply,12
