post,1
ya,6
thow,1
maybe,25
deceiving,2
silkiness,1
well..,1
wish,74
hair,74
stopped,6
non-fancy,1
not weigh,5
bundle,1
dislike..,1
cool-toned,2
lt,2
not greasy has,1
point-a,1
overpriced,5
favorable,2
boldest,1
shimmering,3
run,4
install,2
spend,7
extended,1
incorporating,1
welcomed,1
looked,18
self-tanning,1
opi,5
uuuuuuuuuuuuu,1
skip,2
sinfully,2
not let is,1
aweful,1
kid-friendly,1
not linger,1
terrifically,1
listed,1
not believe worked,3
curly/wavy,2
year,2
compact,13
resurfacing,2
perfume-y,1
not too drying,1
cowashing,4
not always bad,1
medium-thick,2
-the,1
paying,1
horrible,6
es,1
shorter,1
slse,1
blue-based,1
not deliver,1
non-existent,1
not know use,1
not first 've,1
sticking,2
not too top,1
wake-up,1
superb,4
not same pictured,1
patient,9
not bad is,1
limp,5
fruitly,1
absolutlely,1
not do wrong,1
not keep,3
strips,1
not realize,1
lid,3
dark,56
straighten,1
moisturizes,8
textured,6
not care 's,1
deminishing,1
refined,2
black/asian,1
not do your,1
zicam,1
foundation,1
not still great,1
lovvveeeee,1
allure,1
middle-aged,2
send,3
not be know,1
rub-a-dub,1
.and,1
on..but,1
secret,16
previous,4
customizable,1
not beat ivory,1
not save looked,1
lipstick-paraben,1
wetting,1
dappen,1
judicious,1
tolerable,1
purcahsed,1
tells,1
not greasy perfect,2
becomes,3
keep,66
shaving,2
viscous,1
wrote,3
bothered,1
editing,2
not as much,1
not totally grease-free,1
age-related,1
saved,32
not so sure,4
tame,6
not looks,1
*is*,1
whipped,2
not healthy,1
.5,1
dandruff,1
ionic,2
count,2
cover,6
not have given,1
discussing,1
dry/damaged/color-treated,1
not greasy cost-effective,1
lightning,1
yes,4
hot-,1
la,1
not spike,1
radiant,7
not be viviscal,1
not expect first,1
effectively,5
not only works,1
***,4
=,7
budget-priced,1
need,90
sceptic,1
enhance,1
handles,1
guilty,2
not live awesome,1
performs,1
not disappoint,2
taken,3
strongly,1
traditional,3
kissing,2
non-foaming,1
certified,1
adds,17
misleading,5
not forget use,1
looooooooove,2
describes,2
sodial-,1
unbelievably,4
not favorite real,1
not appreciate,1
fun,10
wearable,4
not favorite,9
nano,1
not live solar,1
at-home,4
all-over,1
excellant,2
update-bought,1
stars,5
stolen,1
nearly,13
doubles,2
diminished,1
understatement,2
soon,11
changes,1
maintain,2
unable,1
flowery,2
care,3
copying,1
scratch,1
straw-like,1
not thrilled,1
not throw,1
deeply,3
gradual,4
successfully,2
realistic,3
unsightly,1
quieter,1
frugal,1
softens,2
apprecate,1
glycolic,3
meaning,1
not want go,1
removes,9
last,61
dramatically,3
not let bad,1
started,9
not look,2
mercier,1
willing,2
teriffic,1
lifting,2
not auntie,1
sizing,1
edit,1
stars-really,1
generous,3
applicator,1
elsewhere,7
aspiring,1
floral,8
gon,1
mary,1
hate,17
watery,1
provided,3
holds,17
.send,1
natural-looking,7
not feel greasy,3
peptide-based,1
not too hot,1
giving,11
spiky,1
expired,1
not expensive,1
ticking,1
flirty,1
oily/sensitive,1
pimple,2
watercolour,1
not expect vanish,1
contouring,6
.from,1
normal,8
multipurpose,3
sanding,2
lacking,1
amused,1
flavorful,1
friendly,11
marry,1
not thought,2
not still beautiful,1
abba,1
niece,1
not drying,3
cheapest,3
itchy,9
return,1
portioned,1
flowerful,1
delightfully,1
pack,3
better-looking,2
agrees,1
chicken,1
wee,1
sensual,9
neuropathy,1
not have much,1
not good make,1
peaceful,1
considering,6
antiaging,1
kissed,1
applying,11
slide,1
directed,5
living,2
love,3499
not useful,1
ives,3
arabian,1
re-ordered,2
morale,1
chapped,4
not use regular,1
not rave,2
stiff,2
sole,1
seem,8
dutiful,1
dressing,1
recent,1
not believe waited,1
useless,2
cocolicious,1
not say zebra,1
.only,1
massaging,1
awkward,1
not think was,1
mind,2
red-dyed,1
existing,1
searching,4
reach,1
mattifier,1
present,1
easiest,2
hear,1
youthful,13
salon-looking,1
practical,8
larger,9
sample,1
heaven,7
not -not same,1
stings,2
maximum,1
colored,10
brighten,1
'touchable,1
losing,3
undereyes,1
solar,2
curly,100
relaxed,15
not have wash/style,1
rocks,5
not switching,1
richer,1
fragrance,1
not clog,3
uneven,6
not mess red,1
not seen stretch,1
bettter,1
cleanse,1
not be easier,1
ph,1
swatching,1
tomatoes,1
third,9
sunscreen,16
felt,13
runs,1
not good acne-prone,1
not say,10
play,2
deal,2
not work works,1
4.4-4.5,1
not pure do,1
not brown 's,1
tried..,1
not broken,1
not too cakey,1
eczema,2
confident,2
matches,4
emu,5
medium-brown,1
correct,6
high-grade,1
spf,1
sealant,1
nail,80
dingy,1
not find better,1
not neon hot,1
funny,4
separate,1
color..super,1
yellowing,1
nourish,2
gluten-free,2
not purchased,2
'll,1
muy,1
personal,8
not sure effective,1
not big,1
saggy,1
ruddy,1
color-enhanced,1
cremes,1
thermal,3
hairspray,1
manufactured,2
nice,796
not even think,1
tangly,1
not too flimsy,1
provencial,1
not looked,2
join,2
gim,1
properly/successfully,1
precise,3
not get good,2
shoot,1
weekly,9
repeat,2
spoiled,1
tree,5
softest,1
noticeable,27
not absolute favorite,1
firming,4
extend,3
not really loving,1
salon,6
regarding,1
acne,32
hence,1
renewing,1
not as nice,2
call,4
multifunctional,1
personally,3
10-0-6,1
not keep shine,1
soap,2
outgrow,1
nourishing,12
perfectly,45
not looked felt,1
ends,4
much,161
device-,1
lighter,14
.when,1
plum,1
fight,5
flashy,1
multi-faceted,1
hooked,19
urban,3
natural,256
reactive,2
guardian,2
jumped,1
beige,2
not know is,2
day-see,1
serves,6
blue,12
snooki,1
conical,1
workout,1
simply,27
satin,1
rinse,1
not just ultra-sensitive,1
international,1
not sure are,1
redness,2
aching,1
actual,6
not overnight,1
logistical,1
toe-tal,1
wing,1
not rave enough,1
dying,1
not instant,3
routine,3
dreamy,1
compaire,1
dragon-scale,1
fine,168
recomending,1
possibly,5
precious,4
silly,1
created,5
stamped,1
soaks,1
not easy open,1
not used,6
dispenses,1
ibd,1
combo,3
lumpy,1
spiked,1
still,121
casual,1
change,10
writing,2
medicinal,1
effortlessly,2
not expected,12
stunningly,1
varies,1
cherri-licious,1
greenly,1
not brush,1
..i,1
not use everyday,1
not moisturize,1
laid,1
include,2
budget-friendly,2
agreeing,1
loove,2
xxx,1
soooooo,2
note,1
not be are,1
discussed,1
ignore,4
not leak,1
skinned,7
not tested,1
not too perfumey,1
not believe work,1
discribed,1
excessive,1
great-dont,1
skin,170
obssesed,1
.curly,1
aging,31
opening,1
clearing,6
not waste used,1
mixed,16
listen,1
competitor/,1
wait,5
travelling,1
not know good,1
responsible,1
dior,1
not clear,1
not so much,11
quick,40
not tell,2
worn,3
appeared,2
complaining,1
suck,1
not try,3
relative,1
sceptical,3
rotary,1
non-chemical,4
incredible,50
smallest,1
retinol,2
eco,1
not say 's,1
and/or,1
insta-good,1
bigger,15
bleeds,1
optimum,3
not found better,1
not sticky has,1
received,13
not know come,1
wheight,1
xylitol-based,1
left..pleased,1
scentsational,1
not over do,1
not rock worked,1
angel,1
not has,1
scrubbing,4
tightening,3
extreme,8
pain,1
not magical overnight,1
scraper,1
general,2
red-toned,1
ahhmazing,1
not let first,2
refreshing~,1
got,63
turn,3
false,8
called,2
able,6
triple,3
untangle,1
blemish,5
doggy,1
mositures,1
cosmetic,13
stripping,3
not fray shed,1
upset,1
not match,1
clearer,3
whole,27
want,63
poorly,2
relieve,1
not seem work,1
date,3
spectacular,9
deceptive,1
tracking,1
protective,2
quite,61
limit,1
water-based,2
polished,1
not fall,1
crying,1
spite,1
achieve,5
purchase,11
biting,1
not really feel,1
conventional,1
sooooooo,1
economic,2
nonetheless,1
compares,3
fragrant,4
forget,4
fair,30
sebamed,1
insanely,3
not amazing,2
east-asian,2
not looking sized,1
carrots,1
workes,1
not believe bad,1
colorful,5
pre-packaged,1
began,2
not take quick,1
not beautiful,1
not leave,14
heavy-weight,1
warmer,1
digestive,2
coastal,6
salon-fresh,1
renamed,1
collected,1
solid,19
not make-up,2
knows,3
clever,1
believe,20
set,20
woke,1
ran,1
pro-gest,1
not make least,1
offer,2
darker,3
arching,1
competes,1
smellarific,1
neutralizing,1
loved,87
forgot,2
expecting,3
not come thermal,1
superior,18
palette-awesome,1
preventative,1
flaky,8
smudging,1
donuts,1
entire,6
not noticed much,1
humankind,1
wavy/curly,1
temporary,6
laugh,1
redken,2
bumpy,1
pleasant,50
scrubs,2
visible,13
chrome,1
minimum,1
anti-dandruff,2
disposable,7
ragged,1
test,1
older,17
not sure making,1
amazingly,22
not bad,66
kit,1
lint,1
dollar,1
amaaaazing,1
fifteen,2
step,1
overdo,1
sure,29
defined,1
not sure think,2
not absorb,1
not heard,1
washable,1
sealing,1
kill,1
comfortable,35
sufficient,1
brings,2
not see did,1
contain,4
not care,7
cetaphil,2
feels,33
pressed,9
/b,1
not exceptionally moisturizing,1
hold,23
coconut,1
emptied,1
eve,1
shadows,2
seasonal,1
serum,2
not prevent,1
not sure much,1
light/med,1
not been,4
define,1
q-tip,2
capable,1
cares,3
claming,1
surprizingly,1
escellent,1
consistent-size,1
yellow,9
middle,1
bodyful,1
ready,5
tangled,6
colletage,1
shave,8
wave,2
vatika,1
fancy,1
fix,1
fungus,1
not is perfect,1
plates-,1
gelly,1
oily/combo,1
counting,1
sooooooooo,1
not best warm,1
instant,20
anti-wrinkle,1
daytime,6
prefer,25
lingers,1
sparkly,10
second,46
lets,2
*updated,2
striping,3
inadvertently,1
truly,57
spa-like,1
peel,1
scent-free,1
tricky,6
not okay,1
robbing,1
not drag,1
surpising,1
least,8
lost,5
definitely,84
not aggravate prevents,1
hip,1
possible,4
not cause break,1
complimented,2
start-up,1
not irritate strip,1
treating,1
non-active,1
haves,1
cut,1
pearly,1
yr.,1
permanent,6
not easy,2
groom,1
post-peel,1
not regret,5
not mean bad,1
bumped,1
with-,1
not too heavy,4
anti-,1
not am looking,1
ugly,1
earthy,1
favorite,359
not follow,1
squeal,1
wonderfully,26
aggressive,1
wired,1
frizz-free,5
slower,1
not want cook,1
protecting,5
miracle,2
double-lash,1
marketing,1
cutting,4
easy-to-use,2
applied,4
shipped,7
not shower,1
*cough*,1
resulted,1
away,37
*beautiful,1
usually,3
completely,19
not surprised agree,1
.great,2
not pretender,1
heavier,3
higher-end,1
assemble,1
strightening,1
dual,4
not get enough,1
heavely,1
not live,48
not stripping,2
not unisex,1
showering,1
buys,1
stubborn/thin,1
use..,1
not fair,1
subtle,25
not bigger,1
not enough,3
not just old,1
owned,15
marvelous,3
6-inch,1
rattiness,1
beutiful,1
macho,1
simple,32
not mess,1
not much feel,1
not base,1
pesky,1
follow,11
smooths,5
fall,1
eyes-,1
keeper,1
know,48
sunblocked,1
not strip,2
feminine,12
along,1
not pinch,1
puretastic,1
elegant,10
testimonial,1
not have long,1
not love strong,1
stimulating,1
acts,1
good-hair,1
not think going,1
hot,48
included,7
evens,2
not even wearing,1
ridged/damaged,1
discontinue,1
oriental,1
immediate,12
coordinated,1
.seriously,1
time,1
going,45
reduces,6
sinks,1
not harsh,2
unmistakable,1
alive,1
not scary said,1
not care works,1
not magical tell,1
not high,1
latest,1
multi-tasking,3
early,11
squeaking,1
contributed,1
not seem,5
not such,1
shine,9
resistant,3
not listen,1
not casual means,1
hansen,1
toppix,1
not smell funny,1
not dry removes,1
not stay,1
trying,21
reading,4
collagen,1
magic,18
low-level,1
not favorite beese,1
nose,2
cnd,1
invisible,4
steriod,1
not ombre,1
aware,4
dealing,2
good-really,1
braiding,2
curl,6
blinging,1
tried,160
not be scared,1
closer,1
noticible,1
worked,136
caught,1
retro-ish,1
severely,3
not too light,1
brittle,4
moisture-rich,1
didnt,4
harmful,2
discolor,1
not leave residue,2
married,1
not too big,1
rapidly,1
not believe good,1
.i,2
pays,2
someday,1
pops,2
wrong,19
interested,1
ths,1
not very shiney,1
sized,3
ending,1
circles-,1
irresistible,1
lusicious,1
extremley,1
exchanged,1
thebalmtastic,1
coolest,2
sink,1
thinning,9
.looking,1
picky,7
corrective,1
famous,1
not know do,3
evolves,1
carry,2
recycled,1
picked,2
figured,1
turkey,1
cosmetically,2
needled,1
hanging,2
not lower,1
afordable,1
******,1
waaaaay,1
somewhere,1
smoothed,1
not overpowering,2
legitimate,1
wiry,1
cakey,1
undeniably,1
invigorating,6
pleasing,3
wicked,2
imagining,1
not expect much,3
non-clumping,1
not top,1
used..,1
touch,8
invogorated,1
not first,1
commercial,1
instanatural,1
humongous,1
australian,1
gain,1
appealing,2
not does makes,1
massage,1
.in,1
covers,9
dressy,1
younger,31
light-weight,3
normal/dry,1
afford,2
not going tell,1
not pinch crimp,1
delivers,12
including,4
convert,1
enigmatic,1
seal,1
straight,27
unbuffered,3
c,3
lowest,1
lght,1
not greasy does,1
knitted,1
not pick,2
crows,1
not much,9
not quick,1
small,81
not unscented,1
multi-purpose,11
died,1
pillow,1
're,35
not explain .love,1
uniqstore,1
not bad hair,1
not sure help,1
not just pen,1
not made,2
slap,1
obsessed,18
off-white,1
mid-life,1
smooth,105
not neon,1
greatly,1
not too much,1
beastly,1
helpfull,1
filing,1
competing,1
leave'n,1
not compostable,1
seaweed,2
fishy,3
not too pink,2
liking,9
curler-,1
not accurate 's,1
not wait glam,1
not entirely eliminate,1
starts,1
biodegradable,1
followed,2
non-allergenic,1
cosmetical,1
not only is,1
energize,1
yucky,1
not dying red,1
coming,11
moroccan,2
lemon-heads,1
not quite making,1
ten,6
runny,2
mauveylicious,1
handle,3
worrying,1
described,4
new,183
otherwise,7
everytime,2
grow,14
agonized,1
u-shaped,1
weird,6
achieved,1
however,10
combines,1
anti-inflammatory,2
hyaluronic,5
not go,26
gives,44
manageable,10
day-seriously,1
reviewing,2
regularily,1
rightfully,1
haired,4
calm,5
non-layered,1
not looking,2
disappeared,2
nicely,38
rescue,1
not too hard,1
not exactly described,1
winter,3
exciting,5
not moisturizing,4
frizzing,1
pouncing,1
ant-aging,1
nearing,1
surpriingly,1
unusually,1
healthy,53
not sure takes,1
check,2
depends,3
looking,133
not need add,1
unjustly,1
constructed,2
finishing,7
entirely,2
staple,16
nars,2
scent-sensitive,2
not as scary,1
anew,1
triple-milled,1
frizzy/curly,1
not feel moisturized,1
instead,14
etched,3
sophisticated,9
normally,1
optional,1
put,30
admirably,1
leave-on,1
pulled,1
40-year-old,1
confusing,3
not quite last,1
intermediate,1
not purchase,1
not believe great,1
compare,2
amazon,4
breakouts,1
not leak good,1
big,79
applicable,1
w/ayurvedic,1
pancake,1
sleep,8
liver,1
promising,4
non-drying,3
not outrageous,1
bubble,8
documented,1
not smear rub,1
not as good,8
not well made,1
not waste,3
credible,1
gave,16
shows,3
nice..,1
not want shampoo,1
horrendous,1
thrilled,3
retired,1
protects,7
painting,2
not fray,1
wind,1
damaging,2
harsher,1
mine,2
lasts,41
miracleous,1
silk,3
raining,1
*something*,1
not kidding say,1
smallish,1
not praise,1
not extra dry,1
not soft filled,1
10-star,1
one-,1
not be natural,1
diminishes,1
overepriced,1
sheenroad,1
works-,1
lush,1
foolproof,2
not too original,1
perfume,1
twin,1
approved,13
not as deep,1
final,1
regularly,5
undeniable,1
not irritate,7
trigger,1
seamlessly,1
recommend,52
totally,48
not favorite do,1
not have,25
not 's pretty,1
mild-moderate,1
sewing,1
thorough,1
lacks,1
looks,74
cheap,35
not hesitate,6
look,62
perrrfect,1
scintillating,1
popular,3
reversing,2
derived,2
.badger,1
moist,2
met,4
renewed,1
adore,14
in-depth,1
not are created,1
not certain,1
lustrous,1
purple,10
addicting,4
not get much,1
facial.night,1
picture-perfect,1
store,3
facial,121
rccommends,1
obviously,2
grows,3
homemade,1
priced,23
hands-down,1
not expect instant,1
squeezed,1
glove,1
skills,1
not true love,1
organic,32
without,1
incorrectly,1
not few,1
intensely,1
unexpected,8
lightening,7
weave,1
not know took,1
treated,18
indeed,15
.where,1
exfoliating,27
not mix,1
perfumed,1
not smell tanning,1
full-hair,1
not as strong,2
outshines,1
non-natural,1
faces,6
like,258
not come,1
zapped,1
overlooked,1
soooooooooooo,1
not experienced,1
discomforting,1
hope,6
not illegal thought,1
metalic,1
finish,5
not weak,1
sealer..do,1
dotting,2
unsurpassed,1
degree-holding,1
pulling,6
decreased,2
successful,2
pinkish,2
leaked,1
pure,8
lengthening,4
extra,25
attractively,1
perm-like,1
not decent,1
born,1
nonirritating,1
not great expected,1
nyx,2
godsend,1
konad-ing,1
fluffy,5
molding,1
buy,153
definately,4
greater,3
not allergic,1
replenish,1
saves,3
helmet,2
not suggested,1
not daily,1
art,1
not really microdermabrasion,1
acid,2
stood,2
clarisonic,7
not receive,1
spread,2
not soft,2
relieved,2
not gon,1
religiously,2
freaking,8
biotin,1
adolescent,1
eco-friendly,3
scrub,3
lately,2
side-sleeper,1
negative,2
not really conceal,1
dense,2
thanking,2
combo/oily,1
smoothness,1
marbleizing,1
transformed,3
well,752
wrap,1
aveda,1
mindful,1
not is moisturizing,1
not require,1
infused,3
prevented,1
not pictured same,1
rescued,2
add-on,4
pearl,1
wavy-curly,1
not create,1
em,2
fill,2
not make break,1
required,2
weirdly,1
shed,1
excess,2
dumb,1
not heavy,5
ultimatae,1
live,14
waves,4
mixing,3
turned,5
offered,1
not gritty,1
commit,1
fanstatic,1
killliiiiingggg,1
intense,19
deeper,1
hurts,2
soft,344
decreases,1
definitly,2
vaginal,1
serve,2
begin,3
unwanted,1
tightens,4
damp,2
underrated,4
not reversing,1
astringent,1
poppy,1
outs,1
afro/mixed,1
replenished,1
aromatic,6
multi-functional,3
else,44
puffy,6
roc,1
let,16
powerful,21
available,13
dove,1
not know describe,1
earned,4
naturally,23
wonderully,1
not hold,4
brows,3
buying,26
deminish,3
full,27
not need rinse,1
glowing,14
exists,1
not wait install,1
repairing,2
simplest,1
filled,1
so-so,2
till,2
leavin-in,1
not sure has,1
dominican,2
eye-makeup,1
non-professional,1
advertises,2
not even bother,1
stressful,2
fake,3
held,2
creases,2
hunting,1
not pure,1
dressed,1
delightful,10
sting,3
seeing,11
special,10
around,5
appearing,1
no-sting,1
woven,1
royal,1
stave,1
ahead,1
equals,1
stumbled,1
uncomfortable,1
miss,4
poor,6
not effective,2
well-worth,1
cat-eye,1
life-long,1
animal,3
fortifying,1
win,1
creams,1
flocking,1
correcting,1
not dissappointed,1
discovering,1
pale,15
exfoliate,1
oh-so-soft,1
spring,1
not beat tried,1
often,5
basically,3
probably,23
updating,3
super-hydrating,1
exellent,3
trial,1
clean,168
amaizing,1
petal,1
critical,1
not hesitate buy,1
not total,1
throwing,3
not really thicken,1
not too tacky,1
not typical love,1
ahhh-mazing,1
not sure works,4
not accurate,3
badly,1
it-,5
skipped,1
not so amazing,1
all-time,3
ripping,1
not worst,2
typical,3
pigmented,14
refuse,1
tresemme,2
not really great,2
ridiculous,2
pasty,1
short-term,1
brightens,1
not fill,1
always,56
feather,1
not like works,1
terrific,16
senior,1
air,1
gentle,78
strayed,1
exclusively,1
enhanced,3
darkened,1
scalp,13
gets,53
not required,1
not have use,3
treat,7
a-mazing,2
concealing,2
favourite,3
pinched,1
obnoxious,1
crisp,1
mom,1
pores,3
biracial,2
adequate,4
heal,5
not long lasting,6
not leave other,1
turning,1
dropper,1
not want liquid,1
cellutlite,1
not as appears,1
tween,1
not sting,1
almond,1
baked,2
frivolous,1
polskiangielskiniemiecki,1
l'oreal,6
terrifies,1
flattering,4
replaces,1
not crease,2
not is great,1
not red,1
committed,2
sodial,1
free,81
soundly,1
stopping,2
secure,1
learned,4
avocado,2
fine-fabric,1
not too easy,1
color-no,1
shedding,4
residual,1
4a-4b,1
aesthetician,3
jamaican,3
not just use,1
bested,1
husband,1
causing,3
black,43
not cake,2
dependent,1
riding,1
brands,1
jam-packed,1
grainy,1
combined,2
fabulous,118
wild,9
not think,12
not had fight,1
darn,9
promoting,1
not replace usual,1
not am,2
not disappointed,4
bestest,1
degrade,1
.love,1
not white,2
large,35
vastly,2
purpose,11
rocking,4
storing,2
**fantastic,1
not totally clear,1
noticable,5
seemed,3
enjoy,11
supernatural,1
dermaplaning,1
kinda,4
not quite expected,2
familiar,1
appleluscious,1
botanica,1
bakery-yummilicious,1
non-greasy,29
dupe,2
sparkling,3
contour,2
not so good,5
becoming,2
sets,1
year-old-skin,1
~best,1
not gon give,1
ended,5
a-m-a-z-i-n-g,2
polisher,1
not change,3
bests,1
peachy,2
not does,3
moistens,1
quit,2
reodering,1
reapply,2
fifth,1
not always work,1
cheaper,27
greasy,15
funky,1
'bubble,1
not liked,1
increasing,1
ridiculously,2
not pay,1
laying,1
definetly,1
powdery,1
towelettes,1
particularly,3
grant,1
appear,2
lighted,2
enthusiastic,2
inconclusive,1
argan,21
fell,5
graying,1
use-,1
wahl,1
styled,1
raccoon,4
blocking,2
falls,1
w/,5
rejuvenated,2
kicking,1
cases,1
crystal,5
go-to,30
cleaned,1
biotin=hair/nail/skin,1
not know are,1
not sure working,1
not straighten,1
fits,6
amber,1
not most pleasant,1
compelled,1
silky,40
medium-length,1
not true,3
summery,1
psoriasis,2
speechless,1
strongest,1
not affordable,1
not trigger,1
heavy,25
agree,6
unfortunately,2
g-r-e-a-t,1
smooth-automatic,1
blocked,1
longlasting,2
green,16
securely,1
*****,3
grooming,2
shampooing,4
upgraded,3
watered,1
healing,19
pry,1
recapture,1
closed,1
setting,13
abroad,1
purse,1
not live be,1
not care does,1
not exaggerating,1
ott-lite,1
week,2
holding,6
marrakesh,1
reluctant,2
mattifying,1
mascara,7
authentic,6
inlove,1
organize,1
not shedding,1
straightest,1
not streaky,1
2-speed,1
saying,2
not bad worth,1
not sure expect,2
revived,2
absorbed,4
stink-,1
deserves,3
not help,1
gym,1
obnoxiously,1
moisture,1
specific,5
static,5
enjoying,8
proactiv,1
not bathe,1
swimming,1
silkier,1
depending,4
~my,1
pore-less,1
off..,1
relaxing,25
repurchase,3
clearly,6
itching,4
not use use,1
overly,2
messy,9
reasonably-priced,2
performed,1
mist,1
leave-in,15
streaks,1
smart,4
artificial,3
competitive,2
works,1274
easy-on,1
body,1
standard,5
returned,4
forever,21
grey,3
wearing,16
lucky,1
fungal,1
not be put,1
doin,1
warming,1
all-natural,6
not feel,9
lovin,2
makeup,5
reputable,1
moisture/totally,1
diffuser,1
skin-care,2
not ever flake,1
match,3
not phenomenal,1
unexpectedly,5
weigh,1
usd,1
not love,10
not heat,1
well-written,1
blows,3
not meant be,1
name-brand,1
not casual,1
color-irridescent,1
rogaine,2
constantly,1
not same,3
petty,1
regular,42
fine/limp,1
pallete,1
skipping,1
suffer,2
washing,12
not recommend,1
refillable,2
not super,5
winters/spring,1
20-,1
full-size,1
soften,4
choosy,1
wash,22
not pop,1
not try definitely,1
returning,4
east,4
sensative,3
sparse,1
surely,2
struck,1
warms,1
not sure first,1
not impressed,1
''fixing,1
staying,20
mangotastic,1
decided,2
flawlessly,2
thrive,1
low-price,1
..even,1
not glittery,1
proof,1
lathering,4
3-1/2,1
aged,3
not too shabby,4
thoughter,1
bottled,4
freakin,3
weighs,1
mattest,1
50-year,1
arm,1
not magic works,1
pin-straight,1
girls,3
soooooooo,1
not ship hot,1
noted,1
doable,1
costly,2
silver/gold,1
dreams,1
aaah,1
side,1
tanning,16
gained,1
wrinkle,4
win-win,1
helps,76
unbreakable,1
not light tinting,1
not as painful,1
not buy are,1
widely,1
not believe,32
gross,2
grown-up,1
not save,1
liked/reviewed,1
slim,1
hands,8
it/love,1
***do,1
alright,5
'm,209
tell,22
condition,2
feet/ankles,1
ooh,1
hit,3
oily,111
12-ounce,1
leaking,1
catch,1
not claimed,1
immune,1
innovative,4
gland,1
tighten,2
wonder,4
hypoallergenic,3
tonic,1
queen,6
gorgeous,108
steadily,1
sudden,1
wishy,1
dry,300
coating,1
not just hot,1
foaming,7
'n,1
not add new,1
attest,1
red/purple,1
wondurful,1
camping,1
sold,20
settle,1
see,68
fountain,1
year-old,1
transparent,1
not good w/bleached/frizzy/curly,1
amaazing,1
moistures,1
hard,38
fave,6
..sedu,1
affluent,1
loveluvluuv,1
blushing,1
rating,2
not kidding,3
faced,1
vary,1
not -not,1
not sure was,1
not perfect,15
young,18
providing,1
also,33
sheds,1
frosty,1
reckless,1
short-lived,1
pump,1
not beat,15
everyday,53
oil-absorbent,1
silicone,2
not turn,2
alternate,1
accessible,2
simplifying,1
distributed,1
not gentle,1
discovered,3
not sold,1
mild-,1
goes,75
not as purple,1
emollient,3
lasting,43
highly,43
wavy,16
spray-on,1
lock,1
used/loved,1
not interfere make,1
usage,1
olive,5
luscious,7
indispensible,1
brush-get,1
safe,19
luvvvvvv,1
~soft,1
low,18
well-scented,1
double-sided,1
questionable,1
not weigh long,1
refreshingly,3
african-american,3
lash-tastic,2
shaaamme,1
sensetive,1
doe,1
braided,1
stuff,3
.works,2
seborrhea,1
huge,19
med,1
hang,1
wen,6
not beleive worked,1
not live magical,1
notice,8
swift,1
rave,1
not burn,2
experiment,1
not paint,2
horned,1
.really,1
not need lighted,1
shaped,4
fading,9
wrinkles,1
nervous,1
pouring,1
needling,1
pucker,1
complected,1
peptide-hyaluronic,1
spicy,1
upscale,2
not accept,2
ultrasonic,1
custard-,1
not buy,18
winning,2
recommened,1
unbelievable,18
not expect,16
co-wash,3
lipstick,6
nothing,15
wash-juicy,1
unscented,10
powered,1
night,2
minor,4
nongreasy,1
*ish,1
split,3
firmer,1
relaxation,1
not recommended,1
mix,4
eyelash,2
mega,2
claimed,1
40-something,1
overpay,1
xpected,1
not spend,2
wondered,1
claim,1
gooey,1
naked,5
smokey,5
perfect,251
attractive,5
classically,1
thinkk,1
hands-free,1
badger,1
noisey,2
black-brown,1
disappearing,2
shoulder,1
infusionably,1
suprised,5
not expected do,1
crazed,1
2-in-1,3
not very pleased,1
wasted,3
not thickness,1
not eat,1
not quite figure,1
*,2
not hurt is,1
wow,6
perennial,2
3/4-inch,1
multiple,10
electronic,1
/,7
polite,1
not ready use,1
washy,1
keratin,1
kits,1
not buy want,1
ritual,2
best-performing,1
not younger,1
ahhhhhmazing,1
not rapid,1
soo,2
not itch wear,1
severe,5
solidifying,1
speed,1
soothing,63
post-shampoo,1
smoother,12
.it,2
soak,4
not harm,1
apart,1
straighening,1
imagined,1
occasional,3
not buy buy,1
good,3228
waterproof,6
eyebrow,5
outrageously,1
botox,2
dramatic,11
mildly,2
produces,2
portable,9
not find,8
not use recommended,1
reduce,10
handled,1
past,2
please,11
inexpensively,1
glitchy,1
gray,12
detailed,1
sunless,1
not cause does,1
recomended,1
seductively,1
fast-dry,1
not understand,3
chewable,1
twice,11
ordinary,4
not wait,5
not believe wonderful,1
not have used,1
endorses,1
not as yellow,1
fixed,2
not forget,1
cure,3
nailart,1
stick,5
not work sensitive,1
thiss,1
not much nice,1
combat,1
judging,1
less,69
yet,90
mind..for,1
locks,2
individual,1
either,5
activating,1
near,1
face,4
not have wet,1
longer,37
shimmer,1
not sure big,1
offset,1
not overdo,1
hormonal,2
ago,11
swab,1
not very moisturizing,1
enhancing,2
not smell bad,2
volumizing,5
revitalize,1
matching-colored,1
reasonably,11
moisturize,4
requires,5
ladies,1
not tinted,1
*and*,1
slough,1
viviscal,2
aquatic,1
bare,2
mi,1
not am used,1
remove,12
perm,1
welll,1
walmart..much,1
not take,4
not cheap,1
not need did,1
not expect look,1
key,1
dyed,4
medicated,2
grown,2
not break handle,1
excited,8
not knock,1
not understand includes,1
not foam,1
not helps,2
vitamin,2
scratchier,1
outside,1
unique,14
not orange,4
broad,2
not buy own,1
skincare,8
likes,17
not lasted,1
not understand bad,2
minimizing,2
not quite right,1
not make pale,1
not more,3
youtube,1
dead,11
vitacost,1
girly,5
not complain,1
not burning,1
not greasy good,2
chemically,1
a-,1
time-great,1
antifungal,1
ingenious,4
scientific,1
not need flat,1
rose,25
no-hype,1
kissable,1
tall,1
vaseline,2
burgundy,1
suffering,2
on-the-go,1
continued,1
va-va-vampy,1
not replace,1
suggesting,1
super-absorbent,2
compliment,1
provide,3
wake,3
transitioning,5
long-last,1
top-notch,1
cruelty-free,3
happened,1
lightweight,17
wringkle,1
bronze,1
wipes,1
allergen,1
hottt,1
transitioned,1
enticing,1
not take greasy,1
firm,1
mani-pedi,1
drugstore,2
ultimate,7
removing,20
barely,8
rich,41
convenient,15
file,2
stuck,2
creamy,29
oil-reducing,1
hollow,1
not sure does,1
came,31
brought,1
smoothes,2
must-have,5
vast,1
becareful,1
restorative,2
discover,1
15-year-old,1
tourmaline,1
bristle,1
bleached,12
variable,1
immensely,2
unbiased,1
smoke,1
strangely,1
not praise enough,1
blends,1
smelled,2
overkill,1
layering,3
straw,3
lavender,2
versatile,14
not waste other,1
bathe,2
spots,1
accused,1
sells,1
not powdery looking,1
stippling,2
inventive,1
give,80
pretty,464
not hinder full,1
not highly enough,1
restore,6
break,3
@,3
fashionable,1
lil,1
surprising,12
unopened,1
pimple-prone,1
not equal,1
brush-,2
luxurious,24
non-toxic,1
right,92
eyelids/nose,1
not painful,1
packed,1
not smell anti-dandruff,1
not be returning,1
come,17
prep,1
reverse,1
pigment,1
scrubby,1
overtly,1
die,5
olay,2
lower,6
au,1
reallly,1
several,13
not fill fine,1
strengthens,3
not seeing,1
not get hooked,1
dye,3
darsonval,1
loveee,2
experimenting,2
afraid,2
not so secret,1
impresses,1
anti-frizz,2
banish,3
evenly,6
salt,1
found-,1
attract,1
not immediate,1
eligible,1
study,1
not buy glad,1
fish,1
limited,3
not oily healed,1
quality-shiny,1
hoping,3
stunning,15
glad,31
not sure were,1
checking,2
death*,1
begging,1
boob,1
foot,1
tanned,1
not 30-day,1
surprised,96
dispense,1
baggy,1
travel,4
fiddly,1
fierce,1
highly-pigmented,1
violet,1
bathroom,1
neon,2
stop,9
creates,5
declares,1
fantastic-,1
leaky,1
ca,16
self-grip,1
discontinued,8
bring,7
conceal,1
style,2
snow,3
medium,6
afro-curly,1
combing,2
not be happier,8
acetone,2
wrinkle-away,1
light-less,1
tropical,6
not want get,2
virtually,2
hubby,1
compared,9
nonstripping,1
hide,6
seperate,1
not sealed,1
scared,4
not strip much,1
not buying,1
chalky,1
ever,537
ur,1
fairly,12
french,29
shifty,1
gettinnnnggg,1
target,2
rockaholic,1
seemingly,1
not flat,1
shiny,52
not even knew,1
nostalgia,1
infrared,1
not unscented good,1
not deal,1
brassy,2
efficiently,2
glow,8
rather,5
product-terrible,1
devine,1
rosewood-,1
nasty,5
replenishing,3
virgin,1
not needed,2
not have been,2
visiting,1
brow,2
clarifying,7
fantastically,3
not touch,2
scars,1
conditioner,6
alcoholic,1
adjust,1
soul..,1
mar-vel-ous,1
bye-bye,1
promised,25
must-buy,1
gloves,1
1-4-all-peel,1
derma,4
responded,1
claims,19
brushing,1
belly,1
not overdry,1
not happy,1
barnyard,1
thanked,1
japanese,4
cellulite,5
hydrated,12
threw,3
almost,60
well-packaged,2
hair-brained,1
roll-on,1
rotating,4
seriously,16
snail-pace,1
blush,3
not stand,2
waves/mermaid,1
distortion-free,1
safely,2
not old remember,1
el,1
helpful,23
2-in,1
giant,3
blown,1
well-formulated,1
cold,9
not closed larger,1
comforting,3
heres,1
decent,54
belief,1
bling,5
not believe look,1
help,30
carefully,5
pencil,2
not bad are,1
extensive,1
yr,2
long,273
say..,1
vivid,1
promptly,1
followup,1
life,2
mysterious,2
tighter,2
falling,2
tinted,29
diffusing,1
winter-hair,1
reviewed,4
not too sticky,2
not extra,1
killing,2
researched,1
baza,1
not dry,14
cloudy,1
working,83
looooong,1
washed,2
over-processed,2
not get sunburned,1
nourishes,1
not sure read,1
good-,3
pictured,9
not great,21
microwave,1
heats,5
soooo,2
flawless,7
beauty,4
not say enough,2
not very sudsy,1
stay,14
given,2
curly/wavey,1
burned,1
not sure 's,1
greatest,16
weightless,2
surgical,3
mistral,1
happier,1
infiniti,1
particular,1
attactive,1
not noticing,1
creative,1
quiet,5
no-run,1
hydrate,2
not liked trying,1
not bother,6
gently,13
arch,1
digging,1
unbearably,1
dislike,2
blushes,1
not as stiff,1
classy,7
addressed,1
excilerating,1
eye-lids,1
sumer,1
reds,1
30-60,1
not swiss,1
many,91
rub,3
yellow-ridden,1
detailing,1
hydrading,1
strenghtened,1
think,64
coiled,1
adding,8
unruly,2
find,49
broke,5
amazing,618
moisturizing,111
doubtful,1
licensed,9
not pass,2
shany,12
combine,1
not thin,2
become,7
fast-drying,1
romantic,4
comparable,25
not dead,1
nude,2
yo,1
environmentally,1
oooohhh,1
noses,1
anti-age,1
shaping,1
well-priced,1
prevent,8
paint,3
learn,5
good-bye,1
not need buy,1
common,1
not especially sensitive,1
anti,6
nice-smelling,1
spins,1
amazed,13
thought,40
seems,44
trick,1
cobalt,1
zesty,1
fade,6
fully,3
receiving,1
clogging,1
jolly,1
fuller,1
banished,1
not teasing,1
tinting,1
undoubtedly,1
transiting,1
not fully expected,1
not thrilled like,1
harder,2
strawberries,1
obvious,2
moisturized,12
not going,2
pliable,2
tummy,1
not want like,2
y/o,1
cerave,1
works.but,1
glossing,1
wide,5
prescription,1
metallic,3
detoxing,1
easy,169
bumble,2
collect,1
tiniest,1
waited,4
kinky/frizzy,1
not make,11
not expect happen,2
coloring,8
bow,1
blending,15
shower,15
not mind,4
looooove,6
anticipated,2
not test,1
magnetic,4
amino,1
calling,1
hearing,1
nexxus,1
forehead,1
earlier,2
not yellow is,1
not like spend,1
afro-textured,2
built-in,1
keeping,11
sent,9
hopeful,1
not dying,1
not oily works,1
gotten,2
nice-looking,2
reached,2
shadow,1
not think need,1
scores,3
not certain have,1
removed,2
overdose,1
reapplying,1
tends,2
not be sorry,1
rapid,4
moisturizer,5
im,1
drink,2
airbrushed,2
curious,2
snob-,1
callused,1
alcohol,1
purple/redish,1
ultra-firm,1
oiling,1
though,4
expensive,125
suspected,1
stubborn,8
oxidize,1
monochromatic,1
exactly,72
rid,16
strong,88
lip,5
sensitive/,1
n,2
choosing,1
ageing,1
second-day,1
not being,1
expect,6
not hoped be,1
salux-best,1
not spectacular,1
fine-point,1
fog,1
upstanding,1
staining,1
compromising,1
spotless,1
one=,1
not help shedding,1
not super fine,1
dish,2
go,63
rough,4
uv,1
prepared,2
knew,11
lather,2
iron,1
practicing,1
not pictured,4
anointing,1
tuberose,1
naughty,1
lifeless,1
not receive is,1
later,10
popping,3
in-,1
curl-tastic,1
workable,1
not revolutionary,1
putting,4
++,1
bead-up,1
snowhite,1
try,74
insta,1
not was expected,1
perform,3
luv,14
exfoliates,2
detangles,2
happen,1
not creased,1
not much original,1
nontoxic,1
fastest,4
partially,1
pro,5
not hinder,1
military,1
glitter,1
not good french,1
backcombing,1
delicate,9
ash,1
not expecting,2
not shed,4
looove,3
not stealing,1
-very,1
not want do,1
muchhi,1
cuticles,1
strip,1
spreads,1
slick,2
moisture-starved,1
major,4
work-,1
activated,1
oddly,1
arrives,1
snapping,1
star,1
exquisitely,1
reordered,2
lasted,11
instanly,1
red,77
mejor,1
packs-flat,1
not last long,7
conscious,2
beautiful,229
erupt,1
matching,2
-would,1
near-perfect,2
noticing,1
neglected,1
daily,70
auric,1
completes,1
not just finger,2
softer,18
happy,184
great,3023
provides,6
remover,1
not magical,6
cowlick,1
fascinating,1
pregnant,1
not cause flaked/peeling,1
tool-,2
not too loud,1
sucked,1
remains,2
not all-purpose,1
not know,25
juicy,1
not ordered,1
couple,2
not give,3
elephant,2
receive,1
not loreal,1
3-5,1
little,314
initially,2
serious,6
suppose,3
earth,1
putty,1
tough,5
not deep,2
one-stop,1
measured,1
rosacea,2
mally,1
not add,1
shipping,5
cost-effective,2
hoarding,1
not are,2
not seem forget,1
reddish,3
not waste is,1
alll,1
diminish,3
invented,3
kills,3
five-star,1
suave=less,1
easy-,1
dedicated,1
burning,2
swimming/surfing,1
delectable,2
not work,15
red-red,1
not getting,2
complain,2
sonic,3
not over,2
reordering,1
not greatest,2
not have noticed,1
dehydrates,1
lamp,1
not be disappointed,2
not coarse,1
faster,10
not snag,1
contouring-a,1
not beleive,2
remarkable,5
sealed,2
not best,20
not mind little,1
absorbing,3
alterntive,1
drying,41
took,31
comb,4
ehhh,1
fussing,1
keeps,24
revolutionary,1
refreshed,3
male,2
shockingly,1
babyliss,5
animalistic,1
grade,1
not beat everyday,1
not instant magic,1
topical/medicinal,1
enchanting,1
fav,3
biggest,3
first-time,3
sharp,11
astounded,1
not itch,1
hard-to-curl,1
purple-blue,1
not super soft,1
initial,8
tried-,1
updated,11
economical,9
wanted,38
not work better,1
miraculous,7
recommeneded,1
dahling,1
deep-set,1
revive,1
soothe,2
not get cry,1
sometimes,12
not noticed,1
not too rough,1
clogged,4
arrived,21
build,6
not choose,1
lol,1
sunscreens,1
fundamental,1
improve,8
wash-helped,1
loooong,3
redheads,1
ease,1
product-,2
stencils,1
actually,117
not nice,1
puzzled,1
amazing/still,1
glossier,1
chloride,1
colour,1
not interfere,2
excelent,3
edible,3
realy,1
moisturing,2
glamorous,1
coud,1
breaks,1
functional,9
features-great,1
touched,1
not read buying,1
sun,8
not ask,4
drops,1
not like putting,1
8.5-fluid,1
udderly,1
not wanted,2
foam,4
iffy,3
mentgally,1
promises,9
bed,1
perfecting,1
all-purpose,6
no-show,1
correctly,13
no-burn,1
deodorant,1
5-,4
not worry,1
polish,100
mum,1
alot,1
not moisturize..,1
veauty,1
one-step,1
not discover,1
not silver,1
one-handed,1
weighing,6
softening,1
stunned,1
not keep longer,1
foldable,1
ta,10
wary,2
non-staining,1
semi-course,1
great~,1
sanitary,1
clumpy,1
not quite wen,1
heavily,1
50-a-jar,1
deter,1
bottle,4
done,23
sharpens,1
silver,2
not just hype,1
frito,1
concentrated,4
not just natural,1
hidden,2
dry/sensitive,3
sensitive,230
sigma,1
auburn,1
not emphasize fine,1
chipping/peeling,1
stamp,2
not escaped,1
hey,1
added,6
savior,3
kept,5
ocular,1
ingrown,1
higly,1
stray,2
srong,1
da,3
meets,2
not have enough,1
theatrical,1
mah,1
deliver,1
slows,1
not as fog-free,1
not abrasive,1
back,68
electric,7
*******,1
not intended,1
tacky,4
tca,1
inside,1
expected,104
overall,27
..best,1
not shiny,1
not alone grow,1
not acne,1
gelish,44
not greasy soft,1
overnight,18
frizz,9
powder,3
scaly,1
bringing,1
nonsticky,1
bath,2
serviceable,2
complex,1
thus,3
pleasantly,43
practice/,1
active,3
not powdery,1
drastically,2
stand,2
not too good,1
stinging,3
sculpting,1
found,135
stays,12
unusual,6
masculine,1
clump,1
matte,1
non-acnegenic,1
myself~,1
excessively,1
spirited,1
newest,1
not very bad,1
amla,1
yall,1
soothes,2
nourished,3
fighting,6
not instant works,1
descriptive,1
interesting,39
not airbrush,1
screamed,1
careful,31
greenest,1
product-great,1
taming,6
flexible,3
not long want,1
waxy,1
diaper,1
not quite sure,2
moisturizer-really,1
brighter,2
not smear,4
not is beautiful,1
unmanageable,1
fried,3
certain,6
gourmand,1
read,37
not oily use,1
non-irritated,1
not seem stop,1
unfragranced,1
stated,3
nest,1
shellac,1
end-all,1
lactose,1
thickening,5
uses,10
equal,5
not just curly,1
sweat,1
busy,3
blend,2
>,2
thickens,2
tops,1
ttae-mil-yee,1
.some,2
erased,1
eraser,1
home,1
not go chem,1
manly,6
addictive,5
not moisturize.. love,1
generic,3
irreplaceable,1
perking,1
changing,3
drill,2
adorable,17
'highlighting,1
ceramic,2
henriksen,1
stuff-,1
swivel,1
steer,1
's,504
differently,1
towel-,1
sheer,2
sleek/straight,1
controls,2
nc35,1
letting,1
not screw,1
professional,35
reclaim,1
tool-belt,1
happily,1
not regular,1
appreciate,1
beatuful,1
blendable,4
sparkle,1
wo,11
aaaaamazing,1
not magic,5
steady,2
boxed,2
frequent,3
not mix ceramic,1
ahhhhmazingly,1
cracked,11
clears,3
okay,15
pore,1
not have does,1
sally,5
start,12
out-lasted,1
acne-prone,5
african,30
madly,1
primer/tinted,1
coral,2
not fail,2
aim,1
not sure have,1
not cloud,1
tolerate,1
eyeshadow,3
exploding,2
musk,1
lousy,1
improved,26
lo,1
straightening,7
opens,1
energizing,2
not knoooooow,1
wildest,1
painful,3
freah,1
cleanses,3
makes,121
smell,22
revisited,3
unload,1
vanishing,1
create,6
truely,3
eyebrows,2
sez,1
simplified,1
partial,1
continuing,1
reduced,5
homeopathic,1
not like first,1
not are amazing,1
nutritional,1
top-flight,1
moderate,1
not let,9
backstage,1
smudge,2
similar,17
effective-,1
not irritating,1
perhaps,5
customize,1
tweak,1
automatic,2
revitalized,1
tadpole,1
detangle,1
protected,2
not quite like,1
scuncis,1
not too greasy,3
appears,5
dewy,1
not sure makes,1
copied,1
boring,1
nails,7
not real,1
sheeeeea,1
extraordinary,4
considerably,1
**do,2
getting,27
grew,2
no-slip,1
'calms,1
nars-,1
not have wash,1
lashes,7
finest,1
constant,1
not believe big,1
frizzy-headed,1
reflective,1
not too scary,1
inch,1
loving,42
not too sweet,1
penetrating,1
sparingly,11
not was looking,1
commenting,1
not stripping smells,1
fuzzy,2
not let crazy,1
oh,1
pudding,1
absorbant,2
describe,2
soothens,1
walking,3
brown/fixing,1
well-designed,2
german,1
toe,4
mean,4
astounding,1
calming/soothing/healing,1
paid,9
non-wet,1
wait..,1
believing,1
packaging,1
egrave,2
asian,13
not know lived,2
original,21
legitament,1
non,22
thats,1
cracking,2
spent,5
balm,1
parabens,1
not perfect works,2
rated,3
average,8
convinced,2
granny,1
not cause,5
brush,3
healed,5
first,150
not very fair,1
struggling,1
not expect great,1
not accurate picture,1
not have other,1
touchable,3
not tight,1
not skip lasts,1
satisfied,44
needed,54
converted,4
regenerate,1
bottles,1
lips,3
eliminate,3
enchanted,1
notch,1
unimpressed,1
irish,2
fantabulous,1
disappear,4
disappointing,2
presh,1
*effective,1
collectible,1
not work most,1
gender-neutral,1
not remove,1
visibly,1
seductive,1
raw,2
supposed,33
formulates,1
color,7
tolerated,1
make,92
hates,2
cost/benefit,1
leaving,5
not using,1
beneficial,1
whoo-hoooo,1
something,21
main,2
progesterone,1
intestinal,1
remake,1
revised,2
loooove,5
sprays,1
chose,4
not smell old,1
buzzing,1
laundry,1
not as greasy,1
not magic 's,1
odd,6
short,30
stimulate,2
tickle,1
calms,2
mineral-based,1
ethnic,1
hooded,1
t-zone,1
tranquil,1
extends,1
mess,1
..,8
splurge,1
testing,3
promote,1
antibacterial,3
different,49
warning,3
intensives,1
inflatable,1
not has own,1
dangerous,1
not perfect give,1
begun,1
as/better,1
kidding,1
freshly-styled,1
not just dark,1
not afford,2
sensational,2
brushable,1
not expecting such,1
controlled,1
user,2
properly,6
not so great,4
refill,1
not stripping is,1
worried,3
.visible,1
went,12
omg,1
restores,2
versitile,1
perceived,1
luminous,8
higher,15
means,3
significant,5
lovely,228
not overuse,1
cautionary,1
alleviates,2
unclogging,1
instantly,14
smoothing,25
grab,1
nifty,3
address,1
dependable,2
loud,2
shaddow,1
loves,95
plates,9
separately,1
immediately,10
allergy,3
reusable,1
not last,15
not too expensive,2
truthful,1
ordering,8
mostly,6
best,1477
not expected********,1
liquid,5
not bad lower,1
scent,12
strange,5
somewhat,7
stops,8
magnificent,3
highlight,2
not bad starter,1
seasoned,1
improving,2
zoya-,1
not appeal,1
7-8,1
time-saving,1
beginning,2
eases,1
taking,5
update,4
covering,5
not want live,3
preferable,1
grease,1
plasticky,1
lemming,1
cleared,15
stole,3
worth,73
recommended,89
fake/scam,1
thank,10
readily,1
granted,1
size,1
write,4
.lucky,1
sublime,1
reasonable,26
premium,2
masters,1
plenty,1
preventing,4
opened,2
damaged,42
purchasing,3
softly,1
good-quality,1
protect,9
not significantly better,1
shocking,2
non-sticky,1
stainless,1
not be accurate,1
nivea,1
absorb,2
alluring,2
strengthening,2
not mind spending,1
not inspiring,1
spendy,1
sucks,1
not arrive,1
keratin-treated,2
not be fooled,2
packing,4
penetrates,1
primrose,1
accurate,2
vibrating,1
shades,2
genuine,2
dont,6
product-clean,1
not stray classic,1
smoothest,1
ive,3
waiting,7
occupies,1
toobs,1
pink,18
not base rating,1
white,41
suscreen,1
money-many,1
buildable,2
hair..and,1
true,54
water-proof,1
used..stays,1
loooooooooveeeeeee,1
aweesommmeee,1
oil-free,2
delighted,4
b-e-a-utiful,1
plays,1
not hurt,4
follows,1
not snag/break,1
next,19
zing,1
mother-in-law,1
flimsy,1
non-bronzer,1
accessory,1
scrumptious,2
honest,8
panasonic,1
end,3
increased,2
wrinkly,1
500-mile,1
said,14
not noticing much,1
not easily wow'ed,1
makeup-ish,1
not wash,1
not stray,1
work,136
lime,1
anti-aging,26
cools,1
due,4
brightening,5
long-lasting,15
welcome,2
scream,1
degree,1
chic,3
cleans,18
would,2
loose,8
not call,2
2nd,2
thicken,1
organized,5
not much staying,1
overplucking,1
perfective,3
nailed,2
long-wearing,1
late,2
not airbrush works,1
latisse,1
not convinced,1
avoiding,1
caused,4
lifted,1
blow,6
use,492
english,2
thinned,1
not sure compare,1
shade,2
conturing,1
stands,3
supermodel,1
primarily,1
consistant,1
support,1
w,1
shampooholic,1
unfriendly,1
efficient,6
not sure negative,1
holographic,3
light-textured,1
lived,4
not wear,3
pampering,4
not forgotten,1
.finally,2
takes,29
valid,1
considered,5
mosituring,1
flat,77
light-wearing,1
eyeshadows,1
mousse,2
powdered,2
literally,12
not sure be,1
not too dark,2
not want,15
not old/not young,1
atractively,1
not hate 'm,1
depend,1
not fibrous,1
deodorize,1
back..,1
sleeping,5
geared,1
not as coarse,1
not was hoping,2
not overwhelm,1
sunflower,1
guess,5
sweet,24
not aggravate,1
running,3
invested,1
anymore,14
lives,22
saw,13
10-,1
filthy,1
renews,1
tho,1
brunette,1
produced,1
lessen,2
not quite pure,1
joined,1
waxing,1
randomized,1
d-alpha,1
wet~n~wild,1
sls-free,2
not waterproof,2
kitylicious,1
frown,2
fly-away,1
lemon,2
chosen,1
not wow,1
no-down,1
not was expecting,1
greaat,1
best-smelling,1
fan-ta-stick,1
not cause have,1
non-shower,1
learning,8
packaged,8
exhaustive,1
nighttime,5
eliminates,1
weather-beaten,1
eating,1
bendable,1
minimal,12
tweeking,1
've,364
awhile,1
reminds,2
lite,1
revitalizing,1
double,10
not had expected,1
not create fine,1
rock-bottom,1
not want other,1
not tug,1
smoot,1
not sticky,9
~queen,1
palm,1
not sure,43
skiing,1
not terribly noticeable,1
burns,2
controlling,1
rosemary,4
not deep like,1
evokes,1
awsome,2
amazing-even,1
oatmeal,1
not white more,1
not work does,1
processed,5
kabuki-like,1
sleek,12
smaller,16
smoth,1
sunburned,1
non-irritating,6
saving,5
knowing,1
stamping,17
gel,14
substantive,1
freshening,1
review-,1
alkaline,1
bam,1
not get abdominal,1
peeled,1
chew,1
allows,2
cautious,1
replacing,2
cheek,1
weight,2
citrus-y,1
splendid,1
allergic,4
*the*,2
outstanding,31
not original,1
not organic,1
chemical,1
not like,16
finicky,1
not strong,1
n-o-t-h-i-n-g,1
satisified,1
not hold has,1
expert,1
tan,3
asap,1
promise,1
shout,1
wants,5
varied,2
not sweat,1
delivered,3
masks,1
non-orangey,1
not worry be,1
helping,9
not been sick,1
tangle-free,1
save,18
hone,1
aveeno,1
not have be,1
knocked,1
exotic,2
eat,9
purifier,1
stressed,2
log,1
hyped,1
potent,7
daresay,1
problematic,3
.time,1
preferred,4
surpisingly,1
flamed,2
orgnic,1
understand,4
european,1
necessary,7
stinks,1
fresher,2
u,6
indian,3
severly,2
crazy,14
heat,2
differant,1
restoring,1
shellacing,1
spongtastic,1
mild,22
long-time,1
mid,1
lifelong,2
cost,1
parched,1
not just little,1
shampoo,12
not stop buying,1
unbelivable,2
not gives,1
prompt,2
seeking,1
handwashing,1
cure-,1
stall,1
creams-,1
making,22
not ever buy,2
not 's cracked,1
highlighter-,1
eyelid,6
-love,1
*update*,1
light-feeling,1
burgandy,2
not think do,1
classic,42
not clean,2
authetic,1
conditioning,6
witch,1
piercing,1
old,43
multiply,1
not as bad,1
night-time,2
impressed,85
enjoyable,5
all-around,3
scratchy,1
oilier,1
starting,6
not do,12
deserved,2
not believe works,2
deserving,1
heard,2
lighting,1
enough,62
14-year-old,1
not bad see,1
fleeting,1
itch,2
autoimmune,1
scupting,1
opaque,2
sticks,1
stepped,1
tamed,4
based,6
not seen has,1
revives,1
used,378
sumptuous,1
rosy,5
fast,79
unforgettable,2
finding,1
nightly,5
indoor,1
gradually,5
evaporating,1
steep,1
lengthen,1
orgasm,1
delish,1
not think work,3
not always afford,1
not yellow,2
brightened,2
yest,1
not light,3
classical,1
loyal,3
not settle fine,1
not know rapid,1
frizzy,25
not hoped,1
marks,2
beat,1
glittery,1
satisfying,2
ah-mazing,1
hyperpigmented,1
suited,1
thirsty,3
dang,1
georgous,3
amzing,1
not had,2
indespensable,1
not know say,1
phenomenal,6
cheeky,1
deciding,3
glistening,1
bluish,1
propylene,1
minty,1
pricey,13
stellar,7
not mean,2
movable,1
deepen,1
not was,5
not greasy inexpensive,1
balanced,3
lotion-,1
minimize,1
salicylic,4
peels,1
silkening,1
not get,20
acrylic,5
wonderful,536
fades,2
quality,1
not read,2
needs,43
light,148
residue,4
not natural,1
exaggerated,1
therefore,1
skimpy,1
update***,1
worthwhile,2
suggested,2
already,32
hits,1
not be beat,5
oz,9
racoon,1
not believe was,1
[,4
creating,1
not realize had,1
straightened,1
single,5
un-dyed,1
thicker,2
reccommended,1
annoying,8
heavenly,30
utilize,1
not terribly fashionable,1
died..thankfully,1
beware,2
essential,20
not lie,1
therapy,1
pocahontas,1
basic,28
throw,8
secondary,1
suave,2
designs,1
supper,1
highlighting,1
irritated,8
therapeutic,1
12-pc,1
definite,4
practically,2
appreciated,2
cute,62
tiny,16
suprisingly,4
shoe-size,1
tingling,1
likely,1
um,1
-african,1
travel/home,1
packs,1
lightly,5
feel,65
anti-snap,3
toned,3
dry/itchy,1
certainly,4
colourful,1
silkify,1
nuclear,1
brushed,1
survived,1
not quite,1
absolutely,132
rolls,2
under-eye,4
mineral,14
not transparent,1
fussy,1
recieved,3
smells,102
recommendable,1
thin/fine,2
not overly impressed,1
alcohol-free,1
multi-use,1
beachy,1
not wait get,1
skin-be,1
surprisingly,59
necessarily,2
odorless,2
body-ful,1
sexy,16
layers,1
not get better,2
not extremely damaged,1
benefit,1
name,2
unexplained,1
pos,1
bulky,1
oily/acne,4
comparably-priced,1
slowly,4
wished,1
brown,22
tint,1
vibrant,6
unbeatable,2
crappy,2
uncolored,1
not super makes,1
watching,1
gold,6
far..,2
control,2
not quite perfect,3
velcro,1
nutrasonic,1
lash,5
replace,5
skunk,1
not as useful,1
voluminous,3
not settle,1
congested,1
say-,1
sticky,8
fanatic,2
mess-free,1
caucasian,2
..w/,1
worst,2
showing,1
not worried,1
irritable,1
result,1
not white upon,1
physical,5
.by,1
reunited,1
dryness,1
not kidding said,1
not think 've,1
heated,1
human,2
remarkably,2
trimming,1
upper,5
bald,1
lose,2
looong,1
everstrong,1
unrefined,7
intoxicating,4
finally,170
insert,1
needle,2
not seen,3
must,9
not loving,1
upside,1
teasing,1
hottest,1
not be better,5
pleased,95
*love,1
temporarily,2
wondrous,1
traveling,10
leaves,68
causes,2
highlighted,3
gellish,2
identical,1
not most expensive,1
ensuring,1
worker-,1
not work worked,1
cruising,1
amazonholic,1
eyelashes-nature,2
weak,6
rock,1
not buy expensive,2
fine/thin,3
reducing,4
milder,1
well-fitting,2
undereye,2
astonishing,1
together,2
not control,1
vegan,3
skin-,1
frothy,1
not tried,1
all-in-one,1
not illegal,1
modern,1
currrrrlllly,1
inflammatory,2
sensitive/reactive,1
fed,1
replaced,3
not confuse,1
zeno,1
pre-makeup,1
encountered,1
rejoice,1
smelly,7
southern,1
love-,1
normal-to-dry,1
not too thick,3
not enough same,1
..and,1
block,2
theese,1
not ask better,1
not closed,1
not expecting love,1
anytime,1
exceedingly,1
thin,50
conditioned,1
juan,1
breaking,3
not emphasize,1
not tend go,1
maximizing,1
age-defying,1
noticed,24
not meant,1
slow,4
suitable,1
four-part,1
softened,1
korean,1
not actual polish,1
lancome,1
handy,23
loooooove,2
not quite 'in,1
curling,26
],2
freshen,3
favorably,1
beautifully,12
hyperallergic,1
orange,1
complete,8
not too strong,3
complimentary,1
baby,1
officially,1
allll,1
wig,3
helped,45
handicapped,1
tad,2
1st,1
comes,9
exact,2
originally,3
ditch,2
life-changing,1
clear,70
fantastic,297
suprising,1
store-bought,1
ouch-free,1
blandly,1
not get .be,1
cool-tone,1
worthy,1
stronger,15
settles,1
not require full,1
fixing,1
breathe,1
.many,1
chlorine-removal,1
luvvvv,1
not know like,1
non-,1
carried,1
elevates,1
not get work,1
magnifying,1
-ca,1
shocked,8
not hurt works,1
not skip,1
failed,1
suffered,1
sterilize,1
clary,1
hydrating,25
stylisg,1
not work ok,1
sided,3
manage,3
wanting,1
dried,2
turkish,1
stuff-could,1
open,5
cheeks-work,1
not thought be,1
high-end,8
thinking,2
not really think,1
curly-haired,1
tone,4
terrible,11
fuschia,1
hawaiian,3
not sure anti-bacterial,1
detangling,16
.trust,1
not fade,1
neutrogena,1
non-oily,3
spining,1
created~,1
not still good,1
synthetic,6
labeled,1
not sleep,2
exquisite,1
radient,1
pleasently,1
resolves,1
afro-caribbean,1
wear,19
toasted,1
botanical,1
locally,3
coarse,10
includes,2
effortless,1
brownish,1
removable,2
nutty,2
exceeds,1
not beat get,1
erases,2
awesome,231
indispensable,2
take,28
not compare,1
real,102
dept,1
over-dying,1
not totally effective,1
rejuvenating,2
not give am,1
boost,3
medicine,1
not been using,2
dies,1
dime-sized,1
handling,1
mosturizing,1
citrusy,2
list,1
grateful,1
make-up,15
repurchasing,1
exfoliant,2
boot,1
sensuously,1
rhinestone,1
not rather facial,1
neat,2
vive,1
not be,51
golden,5
squishy,2
fragranced,2
inflaming,1
cool,28
advertised,45
usable,1
alternative,17
raving,2
not styling,1
not hate,1
absolute,12
rare,4
retaining,1
wrinkle/acne,1
stretching,1
sugg,1
meh,1
irritating,5
styling,39
extremely,35
intelligent,2
awful,5
rinses,4
doubt,1
stocking,1
controllable,1
in-between,3
super-blendable,1
wrapped,1
made,104
frequently,2
freak,1
reccomend,1
glycerin-based,1
perfected,1
told,2
teen,10
strict,1
prior,1
not use,27
noticeably,7
realllly,1
ordered,24
not old,1
troublesome,1
leave,36
sponges,2
not discover gentle,1
plan,2
b/4-stars,2
+,5
not greasy,26
retinal,1
cavier,1
especially,38
clogs,1
neutral,19
eased,1
scaly/callused,1
carving,1
pak,1
not want leave,1
cream,2
durable,13
awesomely,2
not sure bad,1
contoll,1
quickest,1
exceptionally,2
sharpen,1
curved,1
say,54
covered,2
consider,1
cold-pressed,1
dig,3
previously,3
designed,10
not run,3
great-smelling,2
remembered,2
using,138
caribbean,1
tapered,1
not need cut,1
not too harsh,2
ouchless,1
not manicure,1
..has,1
long-term,1
sumemr,1
uniquely,1
not apply,1
absorbs,14
q*lumiere,1
blessing,1
delicious,30
watch,10
slicked,2
positive,10
not greasy moisturizes,1
additional,2
cleaner,3
well-pigmented,1
deva-licious,1
not own,1
cleaning,12
glowed,1
not ready,1
not harm sensitive,1
bronzing,1
enjoyed,3
ritzy,1
modest,1
not exactly firming,1
bathing,1
x,1
recover,1
focus,1
not irritate perfect,1
not pull,2
lightweight-medium,1
amaaazing,1
non-cakey,1
not stink,2
not old/not,1
improves,10
not flimsy,2
ear,1
not implied,1
not regret buying,1
type,2
not works,3
angled,3
redder,1
not surprised,1
poppin,1
solved,4
melt,2
affordable,77
anti-acne,2
beats,1
boys,1
maintaining,3
hundred,1
not revolutionary like,1
currently,1
matched,2
honestly,4
switching,3
not exactly said,1
self-applied,2
pet,1
thick,62
passed,2
round-brush,1
biore,2
non-kitchen,1
newer,1
evocative,1
packging,1
wont,3
not sticky blends,1
order,1
not bad regular,1
half,2
skeptic,9
antimicrobial,1
enduring,1
not stand is,1
emailing,1
directly,1
deep-cleansing,1
not too bad,7
lifts,2
not pretty close,1
bad,39
cystic,5
seen,12
melting,1
confused,3
broken,3
ripped,1
elongated,1
close,14
sensitive/dry,1
this..,1
clumping,3
steals,1
gray/white,1
not 's,3
yumalicious,1
temperamental,1
fntastic,1
not too stiff,2
nite,1
unfiltered,1
excellent,594
net,4
fine-med,1
marble,1
doesnt,2
bright,29
down-,1
imagine,1
not make burn,1
not keep told,1
skeptical,22
not absolute,1
exceeded,7
infallible,1
pop,2
sooner,2
la-la,1
sooo,7
not tacky,1
not use much,1
not ever,1
not much shedding,1
well-made,2
high,84
choose,6
review/,1
tames,1
dermatologist-prescribed,1
-honest,1
everywhere,3
not volumizing,1
lens,1
faded,4
wins,2
not over dry,1
not being overdramatic,1
chipping,1
slept,1
comparing,8
not tend,1
troubled,2
advised,1
'just,1
ask,3
kitten,1
natrual,1
porcelaine,1
galore,3
current,2
toning,1
not appreciate emu,1
stress,1
fir,1
not quick does,1
surprise,2
hoped,7
feeling,28
not much natural,1
trustworthy,1
not thick,1
spiffy,1
bold,5
experience,1
plant,1
incredibly,14
mid-priced,1
tight,3
intensive,3
pay,22
normal-to-oily,1
alone,10
missing,6
not need,9
forward,1
repair,3
brilliant,7
multi-featured,1
pointy,1
tested,6
not stuffy,1
promotes,2
proactive,2
actaully,1
**updated,1
not afford try,1
blow-drying,1
inspiring,1
plus,1
soaking,2
better,455
not wear lipstick,1
ranks,1
glamourous,1
gluten,1
not explain,1
positively,2
self-sharpening,1
not smell,11
mysteriously,1
recpmmended,1
ponytial,1
non-lipsticky,1
4-,1
get,163
al,1
swiss,3
wow-,3
primer,2
review,8
ultra,4
non-steaking,1
kicked,1
admit,1
knot,1
not only straightening,1
not brown,1
not stick,1
regrow,1
flyaway,2
magical,10
relieving,2
not exaggerating best,1
not just tired,1
lengthens,1
pre-shampoo,1
not do wonderful,1
not clunky,1
impress,2
not even feel,2
blowdry,1
female,1
not know did,1
groomed,1
not ask more,2
regret,3
sulfate-free,1
not use dyed,1
contains,1
relax,3
distinctly,1
uniform,1
not as great,1
maybelline,2
descale,1
starter,4
useful,55
'bad,1
steam,1
blonder,1
not bad started,1
not nauseating,1
deep,71
not bother sensitive,2
supple,2
humid,2
rarely,2
cucumber,1
lb,1
bought,58
aztec,4
avoid,4
retains,1
stupid,2
inducing,1
paraben-free,1
impressive,34
fall/spring,1
lysol,1
hated,2
1-2,1
meant,2
difficult,10
whitening,2
continuous,2
plumping,2
irritate,1
semi-private,1
le,1
sooooo,1
linger,1
exceptional,12
burn,3
not typical,4
sell,2
formula,1
inconvenient,1
disposables,1
blonde,9
not completely organic,1
addicted,18
dull,4
preparing,3
add,21
fair-skinned,1
switch,3
straightens,1
uper,1
not contain,2
accelerated,1
-it,1
pre-teen,2
not use only,1
usual,8
stretch,5
pick,2
trust,2
oval,1
ruined,2
beauitful,1
not believe negative,1
salts-relaxing,1
not break,11
really,850
important,3
showered,2
smooooth,1
far,291
not rock,1
tingly,11
*almost*,1
cleansing,27
spa,1
bully,1
not smudge,3
not need use,1
not mind is,1
ness,1
hg,1
thankful,2
sturdy,14
involved,1
.get,1
cooling,11
yummy,7
lazy,4
dilute,2
warned,1
not miraculous,1
not budge,1
evening,3
tangles,3
decently,1
bit,6
beeeeeest,1
creme,1
top,71
5-star,5
meet,1
not gone,1
gratifyingly,1
smelly.not,1
shining,1
not know works,1
sampling,2
differnt,1
calming,8
not happy long,1
not pay docs,1
conditon,1
moisturising,2
lactic,3
not use are,1
backed,3
not perfect better,1
consistently,3
.maybe,1
pre,1
not ship,1
fresh,91
says,101
could,5
ruby,1
not just get,1
superfantastic,1
importantly,1
slightly,18
curls,6
not shown,1
fantatsic,1
seventh,2
not quite shown,1
revitalizes,1
not notice,1
permed,1
cracked/damaged,1
scratches,1
pueen,1
noveau,1
color-treated,1
images,2
ecommended,1
curly/frizzy,1
perfumey,1
even,171
evened,4
indestructible,1
smile,1
not magic does,1
integrated,1
managable,5
american,13
sadly,2
independent,1
approach,1
sing,1
thicker..not,1
scented,30
asked,1
purchased,27
lightened,7
hair-,1
easily,25
not see,3
multi-compartment,1
purifying,1
spraying,1
suds,2
great..,1
moisurizing,1
chemical-free,1
dries,7
not seem last,1
eliminating,3
~brilliant,1
known,6
refreshing,60
gal,1
cup..,1
spong,1
not actual,1
sulfate,4
inherited,1
costumer,1
continue,6
endless,1
hairs,1
layered,2
effect,2
avid,1
not bother buying,1
building,1
stains,2
wisely,1
worry,1
holy,12
fit,2
not hide,1
hydrates,1
bonding,1
super,62
not low,1
aptly,1
crease-resistant,1
non-fragrant,1
not short,1
not purchased other,1
viral,1
not sure beat,1
countouring,1
lathered,1
divine,2
lady,1
not beat sulfate-free,1
squeaky,9
guests,1
carrying,3
yellowish,1
not big wash,1
never,95
cleanser,3
adhere,1
preliminary,1
not touch classy,1
impossible,2
heating,1
not extremely dry,1
stylish,5
greying,1
decadent,1
not perming,1
reaching,1
killed,2
tarte,1
glasses,1
sugary,2
spikey,1
rosehip,2
kinky,4
loreal,1
.99,1
lighten,3
equally,4
kiss,1
responds,1
wet,11
thing,1
teenager,1
not exactly expected,2
terribly,3
intended,6
not bad prefer,2
changed,14
medium-weight,2
shown,3
mac,1
gracious,1
complicated,1
not pick help,1
not alone star,1
tres,1
~i,2
bleaching,3
smoothly,4
cover-up,1
trusted,1
total,9
led,2
pen,3
luxuriously,1
thumbs,5
sunburnt,1
kit-,1
swear,11
largest,1
various,1
not even tell,1
not easy find,1
named,2
switched,9
not fit,1
heals,2
ouch,2
kibble,1
cant,4
bronzed,1
cured,7
redeem,1
arrive,3
convienent,1
this-,1
remedy,1
liked,47
fewer,1
uplifting,3
glossy,5
moderately,1
tubing,1
ole,2
dry/damaged,1
quench,1
effective,242
not nauseating feared,1
disappointed,9
peeling,13
turns,5
dry/cracked,1
smell-that,1
left,14
not weigh hair,2
not feel heavy,1
retail,2
slight,12
guaranteed,2
herbal,1
rounds,1
shea,3
finally-,1
arouse-rx,1
not prevent treat,1
ceremic,1
lift,2
recently,2
arthritic,3
lonnnng,1
kitchen,1
luminious,1
easier,13
not crazy,2
nia,1
perkier,1
am..~,1
facial-in-a-jar,1
acne.org,1
plain,1
pore-fect,1
not is,5
ok,45
not dark,1
shelves,1
not buy revised,1
irregular,1
not wait try,1
operated,1
unmanagable,1
thinner,1
glosses,1
fail,1
curled,1
brazilian,4
growing,12
exposed,1
worse,1
spotted,2
not natural shiny,1
ratting,1
receoved,1
defective,1
sneezed,1
not stop using,1
gone,26
tangle,2
performing,1
not much is,1
consuming,3
anywhere,4
5-layer,1
a+++,2
quickly,46
-until,1
rubbing,2
harsh,2
runway,1
not accept cheap,1
not found,1
product..despite,1
healthier,3
defining,2
temperamental/sensitive,1
egyptian,1
not be intimidated,1
safest,1
blatant,1
silvery-purple,1
not solid,1
orly,3
cause,4
not have great,1
not good,10
weary,1
brightens-,1
not stop,5
warm,10
forewarned,1
inexpensive,46
deliciously,2
shinny,1
plump,1
sore,1
unwind,1
soap/,1
daring,1
reliable,15
challenging,2
tingles,1
clinique,1
show,3
plenary,1
un-smelly,1
pumped,2
.or,1
thrown,1
consistent,7
scary,1
everday,1
not go wrong,17
remember,6
awaited,1
2-3,1
legit,1
~,7
satisfactory,1
medical,1
va,1
squares,1
tickled,1
offers,2
not do have,1
gluey,1
pm,1
tired,2
waering,1
recurring,1
paired,5
thoroughly,7
not scary,1
1-4-all,1
brightning,1
applies,1
significantly,2
selling,2
smelling,26
not fine,1
nonelectrical,1
prematurely,1
creasing,1
apply,32
